2025-06-04 11:07:36,311 - backend.main - INFO - FastAPI application created and configured.
2025-06-04 11:07:36,312 - backend.main - INFO - Application startup begins...
2025-06-04 11:07:36,312 - backend.main - INFO - Application startup complete.
2025-06-04 11:18:12,576 - backend.pipeline.doc_parser_pipeline - INFO - Split took 2.22s
2025-06-04 11:18:14,129 - unstructured_inference - INFO - Reading image file: /home/dedya/UniDocParser/backend/img/pages/6b7b3d60-eeae-47bd-a74e-acc69e32e981_dummy_scanned1_0.png ...
2025-06-04 11:18:21,963 - unstructured_inference - INFO - Loading the Table agent ...
2025-06-04 11:18:21,964 - unstructured_inference - INFO - Loading the table structure model ...
2025-06-04 11:18:22,545 - timm.models._builder - INFO - Loading pretrained weights from Hugging Face hub (timm/resnet18.a1_in1k)
2025-06-04 11:18:22,864 - timm.models._hub - INFO - [timm/resnet18.a1_in1k] Safe alternative available for 'pytorch_model.bin' (as 'model.safetensors'). Loading weights using safetensors.
2025-06-04 11:18:22,874 - timm.models._builder - INFO - Missing keys (fc.weight, fc.bias) discovered while loading pretrained weights. This is expected if model is being adapted.
2025-06-04 11:18:23,932 - backend.pipeline.doc_parser_pipeline - INFO - Extract Elements took 11.36s
2025-06-04 11:18:44,672 - backend.pipeline.doc_parser_pipeline - INFO - Extract Images took 20.74s
2025-06-04 11:18:44,678 - backend.pipeline.doc_parser_pipeline - INFO - Format Extracted Text took 0.00s
2025-06-04 11:19:28,521 - backend.pipeline.doc_parser_pipeline - INFO - Format Markdown took 43.84s
2025-06-04 11:19:28,529 - backend.pipeline.doc_parser_pipeline - INFO - Total pipeline time: 78.17s
2025-06-16 19:06:59,818 - backend.main - INFO - FastAPI application created and configured.
2025-06-16 19:06:59,820 - backend.main - INFO - Application startup begins...
2025-06-16 19:06:59,820 - backend.main - INFO - Application startup complete.
2025-06-17 16:30:46,146 - backend.main - INFO - FastAPI application created and configured.
2025-06-17 16:30:46,147 - backend.main - INFO - Application startup begins...
2025-06-17 16:30:46,148 - backend.main - INFO - Application startup complete.
2025-06-17 16:32:22,029 - backend.main - INFO - Application shutdown begins...
2025-06-17 16:32:22,030 - backend.main - INFO - Application shutdown complete.
2025-06-17 16:34:57,998 - backend.main - INFO - FastAPI application created and configured.
2025-06-17 16:34:57,998 - backend.main - INFO - Application startup begins...
2025-06-17 16:34:57,999 - backend.main - INFO - Application startup complete.
2025-06-17 16:35:22,572 - backend.pipeline.doc_parser_pipeline - INFO - Split took 4.97s
2025-06-17 16:35:23,616 - unstructured_inference - INFO - Reading image file: /home/dedya/mk.arif/UniDocParser/backend/img/pages/dbb18f70-ed4a-4422-a69a-5f4eec382869_dummy-data_0.jpeg ...
2025-06-17 16:35:27,845 - unstructured_inference - INFO - Loading the Table agent ...
2025-06-17 16:35:28,583 - unstructured_inference - INFO - Loading the table structure model ...
2025-06-17 16:35:29,105 - timm.models._builder - INFO - Loading pretrained weights from Hugging Face hub (timm/resnet18.a1_in1k)
2025-06-17 16:35:29,358 - timm.models._hub - INFO - [timm/resnet18.a1_in1k] Safe alternative available for 'pytorch_model.bin' (as 'model.safetensors'). Loading weights using safetensors.
2025-06-17 16:35:29,367 - timm.models._builder - INFO - Missing keys (fc.weight, fc.bias) discovered while loading pretrained weights. This is expected if model is being adapted.
2025-06-17 16:35:29,914 - unstructured_inference - INFO - Reading image file: /home/dedya/mk.arif/UniDocParser/backend/img/pages/dbb18f70-ed4a-4422-a69a-5f4eec382869_dummy-data_1.jpeg ...
2025-06-17 16:35:38,049 - unstructured_inference - INFO - Reading image file: /home/dedya/mk.arif/UniDocParser/backend/img/pages/dbb18f70-ed4a-4422-a69a-5f4eec382869_dummy-data_2.jpeg ...
2025-06-17 16:35:45,846 - unstructured_inference - INFO - Reading image file: /home/dedya/mk.arif/UniDocParser/backend/img/pages/dbb18f70-ed4a-4422-a69a-5f4eec382869_dummy-data_3.jpeg ...
2025-06-17 16:35:48,802 - unstructured_inference - INFO - Reading image file: /home/dedya/mk.arif/UniDocParser/backend/img/pages/dbb18f70-ed4a-4422-a69a-5f4eec382869_dummy-data_4.jpeg ...
2025-06-17 16:35:57,177 - backend.pipeline.doc_parser_pipeline - INFO - Extract Elements took 34.60s
2025-06-17 16:37:06,681 - backend.pipeline.doc_parser_pipeline - INFO - Extract Images took 69.50s
2025-06-17 16:37:06,689 - backend.pipeline.doc_parser_pipeline - INFO - Format Extracted Text took 0.01s
2025-06-17 16:43:49,065 - backend.pipeline.doc_parser_pipeline - INFO - Format Markdown took 402.38s
2025-06-17 16:43:49,068 - backend.pipeline.doc_parser_pipeline - INFO - Total pipeline time: 511.46s
2025-06-17 17:00:50,515 - backend.main - INFO - Application shutdown begins...
2025-06-17 17:00:50,515 - backend.main - INFO - Application shutdown complete.
2025-06-17 17:11:58,215 - backend.main - INFO - FastAPI application created and configured.
2025-06-17 17:11:58,216 - backend.main - INFO - Application startup begins...
2025-06-17 17:11:58,216 - backend.main - INFO - Application startup complete.
2025-06-17 17:13:04,814 - backend.pipeline.doc_parser_pipeline - INFO - Split took 5.10s
2025-06-17 17:13:06,073 - unstructured_inference - INFO - Reading image file: /home/dedya/mk.arif/UniDocParser/backend/img/pages/42ba2406-3d03-45a9-bf34-3c1bc2eac065_dummy-data_0.jpeg ...
2025-06-17 17:13:10,179 - unstructured_inference - INFO - Loading the Table agent ...
2025-06-17 17:13:10,440 - unstructured_inference - INFO - Loading the table structure model ...
2025-06-17 17:13:11,416 - timm.models._builder - INFO - Loading pretrained weights from Hugging Face hub (timm/resnet18.a1_in1k)
2025-06-17 17:13:11,679 - timm.models._hub - INFO - [timm/resnet18.a1_in1k] Safe alternative available for 'pytorch_model.bin' (as 'model.safetensors'). Loading weights using safetensors.
2025-06-17 17:13:11,695 - timm.models._builder - INFO - Missing keys (fc.weight, fc.bias) discovered while loading pretrained weights. This is expected if model is being adapted.
2025-06-17 17:13:12,280 - unstructured_inference - INFO - Reading image file: /home/dedya/mk.arif/UniDocParser/backend/img/pages/42ba2406-3d03-45a9-bf34-3c1bc2eac065_dummy-data_1.jpeg ...
2025-06-17 17:13:20,620 - unstructured_inference - INFO - Reading image file: /home/dedya/mk.arif/UniDocParser/backend/img/pages/42ba2406-3d03-45a9-bf34-3c1bc2eac065_dummy-data_2.jpeg ...
2025-06-17 17:13:28,817 - unstructured_inference - INFO - Reading image file: /home/dedya/mk.arif/UniDocParser/backend/img/pages/42ba2406-3d03-45a9-bf34-3c1bc2eac065_dummy-data_3.jpeg ...
2025-06-17 17:13:31,870 - unstructured_inference - INFO - Reading image file: /home/dedya/mk.arif/UniDocParser/backend/img/pages/42ba2406-3d03-45a9-bf34-3c1bc2eac065_dummy-data_4.jpeg ...
2025-06-17 17:13:40,367 - backend.pipeline.doc_parser_pipeline - INFO - Extract Elements took 35.55s
2025-06-17 17:14:45,755 - backend.pipeline.doc_parser_pipeline - INFO - Extract Images took 65.39s
2025-06-17 17:14:45,764 - backend.pipeline.doc_parser_pipeline - INFO - Format Extracted Text took 0.01s
2025-06-17 17:21:28,810 - backend.pipeline.doc_parser_pipeline - INFO - Format Markdown took 403.05s
2025-06-17 17:21:28,815 - backend.pipeline.doc_parser_pipeline - INFO - Total pipeline time: 509.10s
2025-06-17 18:19:53,126 - backend.pipeline.doc_parser_pipeline - INFO - Split took 5.29s
2025-06-17 18:19:53,129 - unstructured_inference - INFO - Reading image file: /home/dedya/mk.arif/UniDocParser/backend/img/pages/34c9f76c-824b-4be1-9788-b9e270a464bc_dummy-data_0.jpeg ...
2025-06-17 18:19:57,350 - unstructured_inference - INFO - Reading image file: /home/dedya/mk.arif/UniDocParser/backend/img/pages/34c9f76c-824b-4be1-9788-b9e270a464bc_dummy-data_1.jpeg ...
2025-06-17 18:20:03,184 - unstructured_inference - INFO - Reading image file: /home/dedya/mk.arif/UniDocParser/backend/img/pages/34c9f76c-824b-4be1-9788-b9e270a464bc_dummy-data_2.jpeg ...
2025-06-17 18:20:06,793 - backend.pipeline.doc_parser_pipeline - INFO - Split took 6.31s
2025-06-17 18:20:06,794 - unstructured_inference - INFO - Reading image file: /home/dedya/mk.arif/UniDocParser/backend/img/pages/4732771a-8a99-43af-901b-8b79dea9b5ce_dummy-data_0.jpeg ...
2025-06-17 18:20:11,156 - unstructured_inference - INFO - Reading image file: /home/dedya/mk.arif/UniDocParser/backend/img/pages/4732771a-8a99-43af-901b-8b79dea9b5ce_dummy-data_1.jpeg ...
2025-06-17 18:20:12,656 - unstructured_inference - INFO - Reading image file: /home/dedya/mk.arif/UniDocParser/backend/img/pages/34c9f76c-824b-4be1-9788-b9e270a464bc_dummy-data_3.jpeg ...
2025-06-17 18:20:15,966 - unstructured_inference - INFO - Reading image file: /home/dedya/mk.arif/UniDocParser/backend/img/pages/34c9f76c-824b-4be1-9788-b9e270a464bc_dummy-data_4.jpeg ...
2025-06-17 18:20:19,141 - unstructured_inference - INFO - Reading image file: /home/dedya/mk.arif/UniDocParser/backend/img/pages/4732771a-8a99-43af-901b-8b79dea9b5ce_dummy-data_2.jpeg ...
2025-06-17 18:20:25,221 - backend.pipeline.doc_parser_pipeline - INFO - Extract Elements took 32.09s
2025-06-17 18:20:27,087 - unstructured_inference - INFO - Reading image file: /home/dedya/mk.arif/UniDocParser/backend/img/pages/4732771a-8a99-43af-901b-8b79dea9b5ce_dummy-data_3.jpeg ...
2025-06-17 18:20:30,115 - unstructured_inference - INFO - Reading image file: /home/dedya/mk.arif/UniDocParser/backend/img/pages/4732771a-8a99-43af-901b-8b79dea9b5ce_dummy-data_4.jpeg ...
2025-06-17 18:20:39,056 - backend.pipeline.doc_parser_pipeline - INFO - Extract Elements took 32.26s
2025-06-17 18:22:12,746 - backend.pipeline.doc_parser_pipeline - INFO - Extract Images took 107.52s
2025-06-17 18:22:12,753 - backend.pipeline.doc_parser_pipeline - INFO - Format Extracted Text took 0.01s
2025-06-17 18:22:43,646 - backend.pipeline.doc_parser_pipeline - INFO - Extract Images took 124.59s
2025-06-17 18:22:43,654 - backend.pipeline.doc_parser_pipeline - INFO - Format Extracted Text took 0.01s
2025-06-17 18:36:18,499 - backend.pipeline.doc_parser_pipeline - INFO - Format Markdown took 814.84s
2025-06-17 18:36:18,502 - backend.pipeline.doc_parser_pipeline - INFO - Total pipeline time: 978.01s
2025-06-17 18:37:14,524 - backend.pipeline.doc_parser_pipeline - INFO - Format Markdown took 901.77s
2025-06-17 18:37:14,525 - backend.pipeline.doc_parser_pipeline - INFO - Total pipeline time: 1046.69s
2025-06-17 18:39:46,609 - backend.main - INFO - Application shutdown begins...
2025-06-17 18:39:46,609 - backend.main - INFO - Application shutdown complete.
2025-06-17 19:35:52,107 - backend.main - INFO - FastAPI application created and configured.
2025-06-17 19:35:52,108 - backend.main - INFO - Application startup begins...
2025-06-17 19:35:52,108 - backend.main - INFO - Application startup complete.
2025-06-17 19:36:19,938 - backend.pipeline.doc_parser_pipeline - INFO - Split took 7.80s
2025-06-17 19:36:20,623 - unstructured_inference - INFO - Reading image file: /home/dedya/mk.arif/UniDocParser/backend/img/pages/5ce5384a-774a-45dd-802d-85ab3a693899_AR for improved learnability_0.jpeg ...
2025-06-17 19:36:26,804 - unstructured_inference - INFO - Loading the Table agent ...
2025-06-17 19:36:27,060 - unstructured_inference - INFO - Loading the table structure model ...
2025-06-17 19:36:27,578 - timm.models._builder - INFO - Loading pretrained weights from Hugging Face hub (timm/resnet18.a1_in1k)
2025-06-17 19:36:27,827 - timm.models._hub - INFO - [timm/resnet18.a1_in1k] Safe alternative available for 'pytorch_model.bin' (as 'model.safetensors'). Loading weights using safetensors.
2025-06-17 19:36:27,838 - timm.models._builder - INFO - Missing keys (fc.weight, fc.bias) discovered while loading pretrained weights. This is expected if model is being adapted.
2025-06-17 19:36:28,229 - unstructured_inference - INFO - Reading image file: /home/dedya/mk.arif/UniDocParser/backend/img/pages/5ce5384a-774a-45dd-802d-85ab3a693899_AR for improved learnability_1.jpeg ...
2025-06-17 19:36:38,252 - unstructured_inference - INFO - Reading image file: /home/dedya/mk.arif/UniDocParser/backend/img/pages/5ce5384a-774a-45dd-802d-85ab3a693899_AR for improved learnability_2.jpeg ...
2025-06-17 19:36:49,783 - unstructured_inference - INFO - Reading image file: /home/dedya/mk.arif/UniDocParser/backend/img/pages/5ce5384a-774a-45dd-802d-85ab3a693899_AR for improved learnability_3.jpeg ...
2025-06-17 19:36:56,038 - unstructured_inference - INFO - Reading image file: /home/dedya/mk.arif/UniDocParser/backend/img/pages/5ce5384a-774a-45dd-802d-85ab3a693899_AR for improved learnability_4.jpeg ...
2025-06-17 19:37:02,165 - unstructured_inference - INFO - Reading image file: /home/dedya/mk.arif/UniDocParser/backend/img/pages/5ce5384a-774a-45dd-802d-85ab3a693899_AR for improved learnability_5.jpeg ...
2025-06-17 19:37:12,686 - unstructured_inference - INFO - Reading image file: /home/dedya/mk.arif/UniDocParser/backend/img/pages/5ce5384a-774a-45dd-802d-85ab3a693899_AR for improved learnability_6.jpeg ...
2025-06-17 19:37:18,456 - unstructured_inference - INFO - Reading image file: /home/dedya/mk.arif/UniDocParser/backend/img/pages/5ce5384a-774a-45dd-802d-85ab3a693899_AR for improved learnability_7.jpeg ...
2025-06-17 19:37:27,455 - unstructured_inference - INFO - Reading image file: /home/dedya/mk.arif/UniDocParser/backend/img/pages/5ce5384a-774a-45dd-802d-85ab3a693899_AR for improved learnability_8.jpeg ...
2025-06-17 19:37:35,543 - backend.pipeline.doc_parser_pipeline - INFO - Extract Elements took 75.60s
2025-06-17 19:38:53,440 - backend.pipeline.doc_parser_pipeline - INFO - Extract Images took 77.90s
2025-06-17 19:38:53,464 - backend.pipeline.doc_parser_pipeline - INFO - Format Extracted Text took 0.02s
2025-06-17 19:45:58,268 - backend.pipeline.doc_parser_pipeline - INFO - Format Markdown took 424.80s
2025-06-17 19:45:58,270 - backend.pipeline.doc_parser_pipeline - INFO - Total pipeline time: 586.13s
2025-06-17 19:46:39,621 - backend.main - INFO - Application shutdown begins...
2025-06-17 19:46:39,622 - backend.main - INFO - Application shutdown complete.
2025-06-17 19:47:53,275 - backend.main - INFO - FastAPI application created and configured.
2025-06-17 19:47:53,276 - backend.main - INFO - Application startup begins...
2025-06-17 19:47:53,276 - backend.main - INFO - Application startup complete.
2025-06-17 19:51:09,106 - backend.pipeline.doc_parser_pipeline - INFO - Split took 15.78s
2025-06-17 19:51:10,479 - unstructured_inference - INFO - Reading image file: /home/dedya/mk.arif/UniDocParser/backend/img/pages/a1121e3f-4401-4e68-ba95-c5ba77f64c26_attention_paper_0.jpeg ...
2025-06-17 19:51:14,775 - unstructured_inference - INFO - Loading the Table agent ...
2025-06-17 19:51:15,491 - unstructured_inference - INFO - Loading the table structure model ...
2025-06-17 19:51:16,924 - timm.models._builder - INFO - Loading pretrained weights from Hugging Face hub (timm/resnet18.a1_in1k)
2025-06-17 19:51:17,178 - timm.models._hub - INFO - [timm/resnet18.a1_in1k] Safe alternative available for 'pytorch_model.bin' (as 'model.safetensors'). Loading weights using safetensors.
2025-06-17 19:51:17,187 - timm.models._builder - INFO - Missing keys (fc.weight, fc.bias) discovered while loading pretrained weights. This is expected if model is being adapted.
2025-06-17 19:51:17,737 - unstructured_inference - INFO - Reading image file: /home/dedya/mk.arif/UniDocParser/backend/img/pages/a1121e3f-4401-4e68-ba95-c5ba77f64c26_attention_paper_1.jpeg ...
2025-06-17 19:51:23,261 - unstructured_inference - INFO - Reading image file: /home/dedya/mk.arif/UniDocParser/backend/img/pages/a1121e3f-4401-4e68-ba95-c5ba77f64c26_attention_paper_2.jpeg ...
2025-06-17 19:51:26,946 - unstructured_inference - INFO - Reading image file: /home/dedya/mk.arif/UniDocParser/backend/img/pages/a1121e3f-4401-4e68-ba95-c5ba77f64c26_attention_paper_3.jpeg ...
2025-06-17 19:51:30,637 - unstructured_inference - INFO - Reading image file: /home/dedya/mk.arif/UniDocParser/backend/img/pages/a1121e3f-4401-4e68-ba95-c5ba77f64c26_attention_paper_4.jpeg ...
2025-06-17 19:51:35,281 - unstructured_inference - INFO - Reading image file: /home/dedya/mk.arif/UniDocParser/backend/img/pages/a1121e3f-4401-4e68-ba95-c5ba77f64c26_attention_paper_5.jpeg ...
2025-06-17 19:51:43,226 - unstructured_inference - INFO - Reading image file: /home/dedya/mk.arif/UniDocParser/backend/img/pages/a1121e3f-4401-4e68-ba95-c5ba77f64c26_attention_paper_6.jpeg ...
2025-06-17 19:51:48,237 - unstructured_inference - INFO - Reading image file: /home/dedya/mk.arif/UniDocParser/backend/img/pages/a1121e3f-4401-4e68-ba95-c5ba77f64c26_attention_paper_7.jpeg ...
2025-06-17 19:51:53,466 - unstructured_inference - INFO - Reading image file: /home/dedya/mk.arif/UniDocParser/backend/img/pages/a1121e3f-4401-4e68-ba95-c5ba77f64c26_attention_paper_8.jpeg ...
2025-06-17 19:51:59,359 - unstructured_inference - INFO - Reading image file: /home/dedya/mk.arif/UniDocParser/backend/img/pages/a1121e3f-4401-4e68-ba95-c5ba77f64c26_attention_paper_9.jpeg ...
2025-06-17 19:52:04,531 - unstructured_inference - INFO - Reading image file: /home/dedya/mk.arif/UniDocParser/backend/img/pages/a1121e3f-4401-4e68-ba95-c5ba77f64c26_attention_paper_10.jpeg ...
2025-06-17 19:52:09,369 - unstructured_inference - INFO - Reading image file: /home/dedya/mk.arif/UniDocParser/backend/img/pages/a1121e3f-4401-4e68-ba95-c5ba77f64c26_attention_paper_11.jpeg ...
2025-06-17 19:52:13,775 - unstructured_inference - INFO - Reading image file: /home/dedya/mk.arif/UniDocParser/backend/img/pages/a1121e3f-4401-4e68-ba95-c5ba77f64c26_attention_paper_12.jpeg ...
2025-06-17 19:52:16,455 - unstructured_inference - INFO - Reading image file: /home/dedya/mk.arif/UniDocParser/backend/img/pages/a1121e3f-4401-4e68-ba95-c5ba77f64c26_attention_paper_13.jpeg ...
2025-06-17 19:52:19,460 - unstructured_inference - INFO - Reading image file: /home/dedya/mk.arif/UniDocParser/backend/img/pages/a1121e3f-4401-4e68-ba95-c5ba77f64c26_attention_paper_14.jpeg ...
2025-06-17 19:52:22,432 - backend.pipeline.doc_parser_pipeline - INFO - Extract Elements took 73.33s
2025-06-17 19:54:03,262 - backend.pipeline.doc_parser_pipeline - INFO - Extract Images took 100.83s
2025-06-17 19:54:03,280 - backend.pipeline.doc_parser_pipeline - INFO - Format Extracted Text took 0.02s
2025-06-17 20:04:21,296 - backend.pipeline.doc_parser_pipeline - INFO - Format Markdown took 618.01s
2025-06-17 20:04:21,300 - backend.pipeline.doc_parser_pipeline - INFO - Total pipeline time: 807.97s
2025-06-17 20:13:06,321 - backend.main - INFO - Application shutdown begins...
2025-06-17 20:13:06,321 - backend.main - INFO - Application shutdown complete.
2025-06-17 20:14:13,659 - backend.main - INFO - FastAPI application created and configured.
2025-06-17 20:14:13,659 - backend.main - INFO - Application startup begins...
2025-06-17 20:14:13,659 - backend.main - INFO - Application startup complete.
2025-06-17 20:14:17,770 - backend.main - INFO - Application shutdown begins...
2025-06-17 20:14:17,771 - backend.main - INFO - Application shutdown complete.
2025-06-17 20:15:24,990 - backend.main - INFO - FastAPI application created and configured.
2025-06-17 20:15:24,991 - backend.main - INFO - Application startup begins...
2025-06-17 20:15:24,991 - backend.main - INFO - Application startup complete.
2025-06-17 20:16:05,815 - backend.pipeline.doc_parser_pipeline - INFO - Split took 15.33s
2025-06-17 20:16:07,097 - unstructured_inference - INFO - Reading image file: /home/dedya/mk.arif/UniDocParser/backend/img/pages/fd64338b-ad30-4dcb-830e-82b4da79b97c_attention_paper_0.jpeg ...
2025-06-17 20:16:11,396 - unstructured_inference - INFO - Loading the Table agent ...
2025-06-17 20:16:11,652 - unstructured_inference - INFO - Loading the table structure model ...
2025-06-17 20:16:12,168 - timm.models._builder - INFO - Loading pretrained weights from Hugging Face hub (timm/resnet18.a1_in1k)
2025-06-17 20:16:12,420 - timm.models._hub - INFO - [timm/resnet18.a1_in1k] Safe alternative available for 'pytorch_model.bin' (as 'model.safetensors'). Loading weights using safetensors.
2025-06-17 20:16:12,431 - timm.models._builder - INFO - Missing keys (fc.weight, fc.bias) discovered while loading pretrained weights. This is expected if model is being adapted.
2025-06-17 20:16:12,924 - unstructured_inference - INFO - Reading image file: /home/dedya/mk.arif/UniDocParser/backend/img/pages/fd64338b-ad30-4dcb-830e-82b4da79b97c_attention_paper_1.jpeg ...
2025-06-17 20:16:18,644 - unstructured_inference - INFO - Reading image file: /home/dedya/mk.arif/UniDocParser/backend/img/pages/fd64338b-ad30-4dcb-830e-82b4da79b97c_attention_paper_2.jpeg ...
2025-06-17 20:16:22,223 - unstructured_inference - INFO - Reading image file: /home/dedya/mk.arif/UniDocParser/backend/img/pages/fd64338b-ad30-4dcb-830e-82b4da79b97c_attention_paper_3.jpeg ...
2025-06-17 20:16:26,076 - unstructured_inference - INFO - Reading image file: /home/dedya/mk.arif/UniDocParser/backend/img/pages/fd64338b-ad30-4dcb-830e-82b4da79b97c_attention_paper_4.jpeg ...
2025-06-17 20:16:30,642 - unstructured_inference - INFO - Reading image file: /home/dedya/mk.arif/UniDocParser/backend/img/pages/fd64338b-ad30-4dcb-830e-82b4da79b97c_attention_paper_5.jpeg ...
2025-06-17 20:16:38,870 - unstructured_inference - INFO - Reading image file: /home/dedya/mk.arif/UniDocParser/backend/img/pages/fd64338b-ad30-4dcb-830e-82b4da79b97c_attention_paper_6.jpeg ...
2025-06-17 20:16:43,737 - unstructured_inference - INFO - Reading image file: /home/dedya/mk.arif/UniDocParser/backend/img/pages/fd64338b-ad30-4dcb-830e-82b4da79b97c_attention_paper_7.jpeg ...
2025-06-17 20:16:49,050 - unstructured_inference - INFO - Reading image file: /home/dedya/mk.arif/UniDocParser/backend/img/pages/fd64338b-ad30-4dcb-830e-82b4da79b97c_attention_paper_8.jpeg ...
2025-06-17 20:16:54,660 - unstructured_inference - INFO - Reading image file: /home/dedya/mk.arif/UniDocParser/backend/img/pages/fd64338b-ad30-4dcb-830e-82b4da79b97c_attention_paper_9.jpeg ...
2025-06-17 20:16:59,832 - unstructured_inference - INFO - Reading image file: /home/dedya/mk.arif/UniDocParser/backend/img/pages/fd64338b-ad30-4dcb-830e-82b4da79b97c_attention_paper_10.jpeg ...
2025-06-17 20:17:04,710 - unstructured_inference - INFO - Reading image file: /home/dedya/mk.arif/UniDocParser/backend/img/pages/fd64338b-ad30-4dcb-830e-82b4da79b97c_attention_paper_11.jpeg ...
2025-06-17 20:17:09,446 - unstructured_inference - INFO - Reading image file: /home/dedya/mk.arif/UniDocParser/backend/img/pages/fd64338b-ad30-4dcb-830e-82b4da79b97c_attention_paper_12.jpeg ...
2025-06-17 20:17:12,374 - unstructured_inference - INFO - Reading image file: /home/dedya/mk.arif/UniDocParser/backend/img/pages/fd64338b-ad30-4dcb-830e-82b4da79b97c_attention_paper_13.jpeg ...
2025-06-17 20:17:15,181 - unstructured_inference - INFO - Reading image file: /home/dedya/mk.arif/UniDocParser/backend/img/pages/fd64338b-ad30-4dcb-830e-82b4da79b97c_attention_paper_14.jpeg ...
2025-06-17 20:17:18,036 - backend.pipeline.doc_parser_pipeline - INFO - Extract Elements took 72.22s
2025-06-17 20:18:51,333 - backend.pipeline.doc_parser_pipeline - INFO - Extract Images took 93.30s
2025-06-17 20:18:51,350 - backend.pipeline.doc_parser_pipeline - INFO - Format Extracted Text took 0.01s
2025-06-17 20:32:42,951 - backend.pipeline.doc_parser_pipeline - INFO - Format Markdown took 831.60s
2025-06-17 20:32:42,954 - backend.pipeline.doc_parser_pipeline - INFO - Total pipeline time: 1012.47s
2025-06-17 20:57:21,520 - backend.main - INFO - Application shutdown begins...
2025-06-17 20:57:21,520 - backend.main - INFO - Application shutdown complete.
2025-06-17 20:58:31,687 - backend.main - INFO - FastAPI application created and configured.
2025-06-17 20:58:31,688 - backend.main - INFO - Application startup begins...
2025-06-17 20:58:31,688 - backend.main - INFO - Application startup complete.
2025-06-17 20:59:20,242 - backend.pipeline.doc_parser_pipeline - INFO - Split took 8.40s
2025-06-17 20:59:21,546 - unstructured_inference - INFO - Reading image file: /home/dedya/mk.arif/UniDocParser/backend/img/pages/95aac0d3-9ca7-4d78-9f22-d5000b5e1bec_AR for improved learnability_0.jpeg ...
2025-06-17 20:59:28,105 - unstructured_inference - INFO - Loading the Table agent ...
2025-06-17 20:59:28,832 - unstructured_inference - INFO - Loading the table structure model ...
2025-06-17 20:59:29,367 - timm.models._builder - INFO - Loading pretrained weights from Hugging Face hub (timm/resnet18.a1_in1k)
2025-06-17 20:59:29,623 - timm.models._hub - INFO - [timm/resnet18.a1_in1k] Safe alternative available for 'pytorch_model.bin' (as 'model.safetensors'). Loading weights using safetensors.
2025-06-17 20:59:29,632 - timm.models._builder - INFO - Missing keys (fc.weight, fc.bias) discovered while loading pretrained weights. This is expected if model is being adapted.
2025-06-17 20:59:30,078 - unstructured_inference - INFO - Reading image file: /home/dedya/mk.arif/UniDocParser/backend/img/pages/95aac0d3-9ca7-4d78-9f22-d5000b5e1bec_AR for improved learnability_1.jpeg ...
2025-06-17 20:59:40,258 - unstructured_inference - INFO - Reading image file: /home/dedya/mk.arif/UniDocParser/backend/img/pages/95aac0d3-9ca7-4d78-9f22-d5000b5e1bec_AR for improved learnability_2.jpeg ...
2025-06-17 20:59:51,574 - unstructured_inference - INFO - Reading image file: /home/dedya/mk.arif/UniDocParser/backend/img/pages/95aac0d3-9ca7-4d78-9f22-d5000b5e1bec_AR for improved learnability_3.jpeg ...
2025-06-17 20:59:57,700 - unstructured_inference - INFO - Reading image file: /home/dedya/mk.arif/UniDocParser/backend/img/pages/95aac0d3-9ca7-4d78-9f22-d5000b5e1bec_AR for improved learnability_4.jpeg ...
2025-06-17 21:00:03,813 - unstructured_inference - INFO - Reading image file: /home/dedya/mk.arif/UniDocParser/backend/img/pages/95aac0d3-9ca7-4d78-9f22-d5000b5e1bec_AR for improved learnability_5.jpeg ...
2025-06-17 21:00:14,175 - unstructured_inference - INFO - Reading image file: /home/dedya/mk.arif/UniDocParser/backend/img/pages/95aac0d3-9ca7-4d78-9f22-d5000b5e1bec_AR for improved learnability_6.jpeg ...
2025-06-17 21:00:19,893 - unstructured_inference - INFO - Reading image file: /home/dedya/mk.arif/UniDocParser/backend/img/pages/95aac0d3-9ca7-4d78-9f22-d5000b5e1bec_AR for improved learnability_7.jpeg ...
2025-06-17 21:00:29,071 - unstructured_inference - INFO - Reading image file: /home/dedya/mk.arif/UniDocParser/backend/img/pages/95aac0d3-9ca7-4d78-9f22-d5000b5e1bec_AR for improved learnability_8.jpeg ...
2025-06-17 21:00:37,326 - backend.pipeline.doc_parser_pipeline - INFO - Extract Elements took 77.08s
2025-06-17 21:01:51,990 - backend.pipeline.doc_parser_pipeline - INFO - Extract Images took 74.66s
2025-06-17 21:01:52,015 - backend.pipeline.doc_parser_pipeline - INFO - Format Extracted Text took 0.02s
2025-06-17 21:19:02,480 - backend.pipeline.doc_parser_pipeline - INFO - Format Markdown took 1030.47s
2025-06-17 21:19:02,483 - backend.pipeline.doc_parser_pipeline - INFO - Total pipeline time: 1190.64s
2025-06-17 21:54:51,536 - backend.main - INFO - Application shutdown begins...
2025-06-17 21:54:51,536 - backend.main - INFO - Application shutdown complete.
2025-06-18 07:43:37,894 - backend.main - INFO - FastAPI application created and configured.
2025-06-18 07:43:37,894 - backend.main - INFO - Application startup begins...
2025-06-18 07:43:37,894 - backend.main - INFO - Application startup complete.
2025-06-18 07:47:12,769 - backend.pipeline.doc_parser_pipeline - INFO - Split took 3.96s
2025-06-18 07:47:13,646 - unstructured_inference - INFO - Reading image file: /home/dedya/mk.arif/UniDocParser/backend/img/pages/278a651f-b700-47d0-a23f-5c7b74cbacb3_test awi_0.jpeg ...
2025-06-18 07:47:15,897 - unstructured_inference - INFO - Loading the Table agent ...
2025-06-18 07:47:16,150 - unstructured_inference - INFO - Loading the table structure model ...
2025-06-18 07:47:16,691 - timm.models._builder - INFO - Loading pretrained weights from Hugging Face hub (timm/resnet18.a1_in1k)
2025-06-18 07:47:16,951 - timm.models._hub - INFO - [timm/resnet18.a1_in1k] Safe alternative available for 'pytorch_model.bin' (as 'model.safetensors'). Loading weights using safetensors.
2025-06-18 07:47:16,960 - timm.models._builder - INFO - Missing keys (fc.weight, fc.bias) discovered while loading pretrained weights. This is expected if model is being adapted.
2025-06-18 07:47:17,301 - unstructured_inference - INFO - Reading image file: /home/dedya/mk.arif/UniDocParser/backend/img/pages/278a651f-b700-47d0-a23f-5c7b74cbacb3_test awi_1.jpeg ...
2025-06-18 07:47:23,588 - unstructured_inference - INFO - Reading image file: /home/dedya/mk.arif/UniDocParser/backend/img/pages/278a651f-b700-47d0-a23f-5c7b74cbacb3_test awi_2.jpeg ...
2025-06-18 07:47:29,029 - unstructured_inference - INFO - Reading image file: /home/dedya/mk.arif/UniDocParser/backend/img/pages/278a651f-b700-47d0-a23f-5c7b74cbacb3_test awi_3.jpeg ...
2025-06-18 07:47:34,017 - unstructured_inference - INFO - Reading image file: /home/dedya/mk.arif/UniDocParser/backend/img/pages/278a651f-b700-47d0-a23f-5c7b74cbacb3_test awi_4.jpeg ...
2025-06-18 07:47:41,047 - backend.pipeline.doc_parser_pipeline - INFO - Extract Elements took 28.28s
2025-06-18 07:48:02,031 - backend.pipeline.doc_parser_pipeline - INFO - Extract Images took 20.98s
2025-06-18 07:48:02,039 - backend.pipeline.doc_parser_pipeline - INFO - Format Extracted Text took 0.01s
2025-06-18 07:52:21,191 - backend.pipeline.doc_parser_pipeline - INFO - Format Markdown took 259.15s
2025-06-18 07:52:21,195 - backend.pipeline.doc_parser_pipeline - INFO - Total pipeline time: 312.38s
2025-06-18 09:19:32,239 - backend.main - INFO - Application shutdown begins...
2025-06-18 09:19:32,239 - backend.main - INFO - Application shutdown complete.
2025-06-18 09:24:01,882 - backend.main - INFO - FastAPI application created and configured.
2025-06-18 09:24:01,883 - backend.main - INFO - Application startup begins...
2025-06-18 09:24:01,883 - backend.main - INFO - Application startup complete.
2025-06-18 09:24:58,506 - backend.pipeline.doc_parser_pipeline - INFO - Split took 7.95s
2025-06-18 09:24:59,359 - unstructured_inference - INFO - Reading image file: /home/dedya/mk.arif/UniDocParser/backend/img/pages/5a782580-45db-401e-8a02-1798752b8870_test pln_0.jpeg ...
2025-06-18 09:25:02,865 - unstructured_inference - INFO - Loading the Table agent ...
2025-06-18 09:25:03,123 - unstructured_inference - INFO - Loading the table structure model ...
2025-06-18 09:25:03,657 - timm.models._builder - INFO - Loading pretrained weights from Hugging Face hub (timm/resnet18.a1_in1k)
2025-06-18 09:25:03,925 - timm.models._hub - INFO - [timm/resnet18.a1_in1k] Safe alternative available for 'pytorch_model.bin' (as 'model.safetensors'). Loading weights using safetensors.
2025-06-18 09:25:03,935 - timm.models._builder - INFO - Missing keys (fc.weight, fc.bias) discovered while loading pretrained weights. This is expected if model is being adapted.
2025-06-18 09:25:04,329 - unstructured_inference - INFO - Reading image file: /home/dedya/mk.arif/UniDocParser/backend/img/pages/5a782580-45db-401e-8a02-1798752b8870_test pln_1.jpeg ...
2025-06-18 09:25:09,607 - unstructured_inference - INFO - Reading image file: /home/dedya/mk.arif/UniDocParser/backend/img/pages/5a782580-45db-401e-8a02-1798752b8870_test pln_2.jpeg ...
2025-06-18 09:25:11,849 - unstructured_inference - INFO - Reading image file: /home/dedya/mk.arif/UniDocParser/backend/img/pages/5a782580-45db-401e-8a02-1798752b8870_test pln_3.jpeg ...
2025-06-18 09:25:14,115 - unstructured_inference - INFO - Reading image file: /home/dedya/mk.arif/UniDocParser/backend/img/pages/5a782580-45db-401e-8a02-1798752b8870_test pln_4.jpeg ...
2025-06-18 09:25:16,888 - unstructured_inference - INFO - Reading image file: /home/dedya/mk.arif/UniDocParser/backend/img/pages/5a782580-45db-401e-8a02-1798752b8870_test pln_5.jpeg ...
2025-06-18 09:25:19,189 - unstructured_inference - INFO - Reading image file: /home/dedya/mk.arif/UniDocParser/backend/img/pages/5a782580-45db-401e-8a02-1798752b8870_test pln_6.jpeg ...
2025-06-18 09:25:25,315 - backend.pipeline.doc_parser_pipeline - INFO - Extract Elements took 26.81s
2025-06-18 09:27:16,688 - backend.pipeline.doc_parser_pipeline - INFO - Extract Images took 111.37s
2025-06-18 09:27:16,694 - backend.pipeline.doc_parser_pipeline - INFO - Format Extracted Text took 0.01s
2025-06-18 09:32:21,835 - backend.pipeline.doc_parser_pipeline - INFO - Format Markdown took 305.14s
2025-06-18 09:32:21,838 - backend.pipeline.doc_parser_pipeline - INFO - Total pipeline time: 451.28s
2025-06-18 10:37:53,605 - backend.main - INFO - Application shutdown begins...
2025-06-18 10:37:53,605 - backend.main - INFO - Application shutdown complete.
2025-06-19 23:29:19,021 - backend.main - INFO - FastAPI application created and configured.
2025-06-19 23:29:19,021 - backend.main - INFO - Application startup begins...
2025-06-19 23:29:19,021 - backend.main - INFO - Application startup complete.
2025-06-19 23:30:33,606 - backend.pipeline.doc_parser_pipeline - INFO - Split took 4.92s
2025-06-19 23:30:37,666 - unstructured_inference - INFO - Reading image file: /home/dedya/mk.arif/UniDocParser/backend/img/pages/89a5fc03-ac97-4d96-975c-2e64e75f8e2e_dummy-data_0.jpeg ...
2025-06-19 23:30:41,809 - unstructured_inference - INFO - Loading the Table agent ...
2025-06-19 23:30:42,090 - unstructured_inference - INFO - Loading the table structure model ...
2025-06-19 23:30:42,636 - timm.models._builder - INFO - Loading pretrained weights from Hugging Face hub (timm/resnet18.a1_in1k)
2025-06-19 23:30:43,360 - timm.models._hub - INFO - [timm/resnet18.a1_in1k] Safe alternative available for 'pytorch_model.bin' (as 'model.safetensors'). Loading weights using safetensors.
2025-06-19 23:30:43,369 - timm.models._builder - INFO - Missing keys (fc.weight, fc.bias) discovered while loading pretrained weights. This is expected if model is being adapted.
2025-06-19 23:30:43,913 - unstructured_inference - INFO - Reading image file: /home/dedya/mk.arif/UniDocParser/backend/img/pages/89a5fc03-ac97-4d96-975c-2e64e75f8e2e_dummy-data_1.jpeg ...
2025-06-19 23:30:52,883 - unstructured_inference - INFO - Reading image file: /home/dedya/mk.arif/UniDocParser/backend/img/pages/89a5fc03-ac97-4d96-975c-2e64e75f8e2e_dummy-data_2.jpeg ...
2025-06-19 23:31:00,771 - unstructured_inference - INFO - Reading image file: /home/dedya/mk.arif/UniDocParser/backend/img/pages/89a5fc03-ac97-4d96-975c-2e64e75f8e2e_dummy-data_3.jpeg ...
2025-06-19 23:31:03,612 - unstructured_inference - INFO - Reading image file: /home/dedya/mk.arif/UniDocParser/backend/img/pages/89a5fc03-ac97-4d96-975c-2e64e75f8e2e_dummy-data_4.jpeg ...
2025-06-19 23:31:12,190 - backend.pipeline.doc_parser_pipeline - INFO - Extract Elements took 38.58s
2025-06-19 23:32:19,561 - backend.pipeline.doc_parser_pipeline - INFO - Extract Images took 67.37s
2025-06-19 23:32:19,569 - backend.pipeline.doc_parser_pipeline - INFO - Format Extracted Text took 0.01s
2025-06-19 23:38:25,042 - backend.pipeline.doc_parser_pipeline - INFO - Format Markdown took 365.47s
2025-06-19 23:38:25,046 - backend.pipeline.doc_parser_pipeline - INFO - Total pipeline time: 476.36s
2025-06-19 23:39:14,836 - backend.main - INFO - Application shutdown begins...
2025-06-19 23:39:14,837 - backend.main - INFO - Application shutdown complete.
2025-06-20 13:50:45,088 - backend.main - INFO - FastAPI application created and configured.
2025-06-20 13:50:45,088 - backend.main - INFO - Application startup begins...
2025-06-20 13:50:45,088 - backend.main - INFO - Application startup complete.
2025-06-20 13:54:33,834 - backend.main - INFO - Application shutdown begins...
2025-06-20 13:54:33,834 - backend.main - INFO - Application shutdown complete.
2025-06-23 14:02:03,755 - backend.main - INFO - FastAPI application created and configured.
2025-06-23 14:02:03,757 - backend.main - INFO - Application startup begins...
2025-06-23 14:02:03,758 - backend.main - INFO - Application startup complete.
2025-06-23 14:02:44,848 - backend.pipeline.doc_parser_pipeline - INFO - Split took 1.22s
2025-06-23 14:02:49,052 - unstructured_inference - INFO - Reading image file: /home/dedya/UniDocParser/backend/img/pages/4fd37887-bda5-45d8-9b20-9926f552d944_dummy_scanned1_0.jpeg ...
2025-06-23 14:02:53,417 - unstructured_inference - INFO - Loading the Table agent ...
2025-06-23 14:02:53,417 - unstructured_inference - INFO - Loading the table structure model ...
2025-06-23 14:02:53,970 - timm.models._builder - INFO - Loading pretrained weights from Hugging Face hub (timm/resnet18.a1_in1k)
2025-06-23 14:02:54,242 - timm.models._hub - INFO - [timm/resnet18.a1_in1k] Safe alternative available for 'pytorch_model.bin' (as 'model.safetensors'). Loading weights using safetensors.
2025-06-23 14:02:54,252 - timm.models._builder - INFO - Missing keys (fc.weight, fc.bias) discovered while loading pretrained weights. This is expected if model is being adapted.
2025-06-23 14:02:55,377 - backend.pipeline.doc_parser_pipeline - INFO - Extract Elements took 10.53s
2025-06-23 14:27:09,313 - backend.pipeline.doc_parser_pipeline - INFO - Split took 1.20s
2025-06-23 14:27:09,315 - unstructured_inference - INFO - Reading image file: /home/dedya/UniDocParser/backend/img/pages/c5708418-dcda-4c1e-85c4-5f2fb48af00a_dummy_scanned1_0.jpeg ...
2025-06-23 14:27:13,747 - backend.pipeline.doc_parser_pipeline - INFO - Extract Elements took 4.43s
2025-06-23 14:27:33,609 - backend.pipeline.doc_parser_pipeline - INFO - Split took 1.31s
2025-06-23 14:27:33,611 - unstructured_inference - INFO - Reading image file: /home/dedya/UniDocParser/backend/img/pages/f0af3ea7-004c-43b7-862a-ea07691e9f0e_dummy_scanned1_0.jpeg ...
2025-06-23 14:27:37,951 - backend.pipeline.doc_parser_pipeline - INFO - Extract Elements took 4.34s
2025-06-23 14:29:05,280 - backend.main - INFO - Application shutdown begins...
2025-06-23 14:29:05,280 - backend.main - INFO - Application shutdown complete.
2025-06-23 14:30:25,899 - backend.main - INFO - FastAPI application created and configured.
2025-06-23 14:30:25,900 - backend.main - INFO - Application startup begins...
2025-06-23 14:30:25,900 - backend.main - INFO - Application startup complete.
2025-06-23 14:30:53,176 - backend.pipeline.doc_parser_pipeline - INFO - Split took 1.31s
2025-06-23 14:30:57,044 - unstructured_inference - INFO - Reading image file: /home/dedya/UniDocParser/backend/img/pages/2a0de884-1816-4459-adfe-a42297b10517_dummy_scanned1_0.jpeg ...
2025-06-23 14:31:01,510 - unstructured_inference - INFO - Loading the Table agent ...
2025-06-23 14:31:01,510 - unstructured_inference - INFO - Loading the table structure model ...
2025-06-23 14:31:02,073 - timm.models._builder - INFO - Loading pretrained weights from Hugging Face hub (timm/resnet18.a1_in1k)
2025-06-23 14:31:02,339 - timm.models._hub - INFO - [timm/resnet18.a1_in1k] Safe alternative available for 'pytorch_model.bin' (as 'model.safetensors'). Loading weights using safetensors.
2025-06-23 14:31:02,349 - timm.models._builder - INFO - Missing keys (fc.weight, fc.bias) discovered while loading pretrained weights. This is expected if model is being adapted.
2025-06-23 14:31:03,285 - backend.pipeline.doc_parser_pipeline - INFO - Extract Elements took 10.11s
2025-06-23 14:31:53,054 - backend.pipeline.doc_parser_pipeline - INFO - Extract Images took 49.77s
2025-06-23 14:31:53,060 - backend.pipeline.doc_parser_pipeline - INFO - Format Extracted Text took 0.01s
2025-06-23 14:32:45,350 - backend.pipeline.doc_parser_pipeline - INFO - Format Markdown took 52.29s
2025-06-23 14:32:45,353 - backend.pipeline.doc_parser_pipeline - INFO - Total pipeline time: 113.49s
2025-06-23 14:49:25,201 - backend.main - INFO - Application shutdown begins...
2025-06-23 14:49:25,201 - backend.main - INFO - Application shutdown complete.
2025-06-23 14:50:33,508 - backend.main - INFO - FastAPI application created and configured.
2025-06-23 14:50:33,509 - backend.main - INFO - Application startup begins...
2025-06-23 14:50:33,509 - backend.main - INFO - Application startup complete.
2025-06-23 15:00:48,044 - backend.main - INFO - Application shutdown begins...
2025-06-23 15:00:48,044 - backend.main - INFO - Application shutdown complete.
2025-06-23 15:01:58,778 - backend.main - INFO - FastAPI application created and configured.
2025-06-23 15:01:58,779 - backend.main - INFO - Application startup begins...
2025-06-23 15:01:58,779 - backend.main - INFO - Application startup complete.
2025-06-23 15:04:13,392 - backend.main - INFO - Application shutdown begins...
2025-06-23 15:04:13,393 - backend.main - INFO - Application shutdown complete.
2025-06-23 15:05:18,272 - backend.main - INFO - FastAPI application created and configured.
2025-06-23 15:05:18,272 - backend.main - INFO - Application startup begins...
2025-06-23 15:05:18,272 - backend.main - INFO - Application startup complete.
2025-06-23 15:07:35,262 - backend.pipeline.doc_parser_pipeline - INFO - Split took 0.02s
2025-06-23 15:10:13,708 - backend.main - INFO - Application shutdown begins...
2025-06-23 15:10:13,708 - backend.main - INFO - Application shutdown complete.
2025-06-23 15:11:21,039 - backend.main - INFO - FastAPI application created and configured.
2025-06-23 15:11:21,039 - backend.main - INFO - Application startup begins...
2025-06-23 15:11:21,039 - backend.main - INFO - Application startup complete.
2025-06-23 15:12:15,154 - backend.pipeline.doc_parser_pipeline - INFO - Split took 0.11s
2025-06-23 15:17:19,203 - backend.main - INFO - Application shutdown begins...
2025-06-23 15:17:19,203 - backend.main - INFO - Application shutdown complete.
2025-06-23 15:35:16,268 - backend.main - INFO - FastAPI application created and configured.
2025-06-23 15:35:16,269 - backend.main - INFO - Application startup begins...
2025-06-23 15:35:16,269 - backend.main - INFO - Application startup complete.
2025-06-23 15:35:49,401 - backend.pipeline.doc_parser_pipeline - INFO - Split took 0.11s
2025-06-23 15:36:28,612 - backend.main - INFO - Application shutdown begins...
2025-06-23 15:36:28,612 - backend.main - INFO - Application shutdown complete.
2025-06-24 09:29:45,138 - backend.main - INFO - FastAPI application created and configured.
2025-06-24 09:29:45,138 - backend.main - INFO - Application startup begins...
2025-06-24 09:29:45,139 - backend.main - INFO - Application startup complete.
2025-06-24 09:31:36,992 - backend.pipeline.doc_parser_pipeline - INFO - Split took 0.11s
2025-06-24 09:32:20,989 - backend.pipeline.doc_parser_pipeline - INFO - Split took 0.02s
2025-06-24 09:34:56,192 - backend.main - INFO - Application shutdown begins...
2025-06-24 09:34:56,192 - backend.main - INFO - Application shutdown complete.
2025-06-24 09:36:05,866 - backend.main - INFO - FastAPI application created and configured.
2025-06-24 09:36:05,866 - backend.main - INFO - Application startup begins...
2025-06-24 09:36:05,867 - backend.main - INFO - Application startup complete.
2025-06-24 09:36:26,816 - backend.pipeline.doc_parser_pipeline - INFO - Split took 0.12s
2025-06-24 09:44:50,289 - backend.main - INFO - Application shutdown begins...
2025-06-24 09:44:50,289 - backend.main - INFO - Application shutdown complete.
2025-06-24 09:45:57,141 - backend.main - INFO - FastAPI application created and configured.
2025-06-24 09:45:57,141 - backend.main - INFO - Application startup begins...
2025-06-24 09:45:57,142 - backend.main - INFO - Application startup complete.
2025-06-24 09:46:14,578 - backend.pipeline.doc_parser_pipeline - INFO - Split took 0.11s
2025-06-24 09:47:12,739 - backend.main - INFO - Application shutdown begins...
2025-06-24 09:47:12,739 - backend.main - INFO - Application shutdown complete.
2025-06-24 09:48:22,058 - backend.main - INFO - FastAPI application created and configured.
2025-06-24 09:48:22,059 - backend.main - INFO - Application startup begins...
2025-06-24 09:48:22,059 - backend.main - INFO - Application startup complete.
2025-06-24 09:48:45,101 - backend.pipeline.doc_parser_pipeline - INFO - Split took 0.11s
2025-06-24 09:48:47,841 - backend.pipeline.doc_parser_pipeline - INFO - Extract Elements took 2.74s
2025-06-24 09:48:47,842 - backend.pipeline.doc_parser_pipeline - INFO - Extract Images took 0.00s
2025-06-24 09:48:47,854 - backend.pipeline.doc_parser_pipeline - INFO - Format Extracted Text took 0.01s
2025-06-24 09:59:23,452 - backend.main - INFO - Application shutdown begins...
2025-06-24 09:59:23,452 - backend.main - INFO - Application shutdown complete.
2025-06-24 10:00:37,121 - backend.main - INFO - FastAPI application created and configured.
2025-06-24 10:00:37,122 - backend.main - INFO - Application startup begins...
2025-06-24 10:00:37,122 - backend.main - INFO - Application startup complete.
2025-06-24 10:01:03,223 - backend.pipeline.doc_parser_pipeline - INFO - Split took 0.11s
2025-06-24 10:01:06,135 - backend.pipeline.doc_parser_pipeline - INFO - Extract Elements took 2.91s
2025-06-24 10:01:06,136 - backend.pipeline.doc_parser_pipeline - INFO - Extract Images took 0.00s
2025-06-24 10:01:06,149 - backend.pipeline.doc_parser_pipeline - INFO - Format Extracted Text took 0.01s
2025-06-24 10:01:06,150 - backend.pipeline.doc_parser_pipeline - INFO - Total pipeline time: 3.04s
2025-06-24 10:11:11,942 - backend.main - INFO - Application shutdown begins...
2025-06-24 10:11:11,943 - backend.main - INFO - Application shutdown complete.
2025-06-24 10:12:17,938 - backend.main - INFO - FastAPI application created and configured.
2025-06-24 10:12:17,939 - backend.main - INFO - Application startup begins...
2025-06-24 10:12:17,939 - backend.main - INFO - Application startup complete.
2025-06-24 10:12:32,412 - backend.pipeline.doc_parser_pipeline - INFO - Split took 0.11s
2025-06-24 10:12:35,353 - backend.pipeline.doc_parser_pipeline - INFO - Extract Elements took 2.94s
2025-06-24 10:12:35,354 - backend.pipeline.doc_parser_pipeline - INFO - Extract Images took 0.00s
2025-06-24 10:12:35,368 - backend.pipeline.doc_parser_pipeline - INFO - Format Extracted Text took 0.01s
2025-06-24 10:12:35,369 - backend.pipeline.doc_parser_pipeline - INFO - Total pipeline time: 3.06s
2025-06-24 10:13:33,606 - backend.main - INFO - Application shutdown begins...
2025-06-24 10:13:33,606 - backend.main - INFO - Application shutdown complete.
2025-06-24 10:14:44,133 - backend.main - INFO - FastAPI application created and configured.
2025-06-24 10:14:44,133 - backend.main - INFO - Application startup begins...
2025-06-24 10:14:44,133 - backend.main - INFO - Application startup complete.
2025-06-24 10:14:57,461 - backend.pipeline.doc_parser_pipeline - INFO - Split took 0.10s
2025-06-24 10:15:00,086 - backend.pipeline.doc_parser_pipeline - INFO - Extract Elements took 2.62s
2025-06-24 10:15:00,087 - backend.pipeline.doc_parser_pipeline - INFO - Extract Images took 0.00s
2025-06-24 10:15:00,100 - backend.pipeline.doc_parser_pipeline - INFO - Format Extracted Text took 0.01s
2025-06-24 10:15:00,100 - backend.pipeline.doc_parser_pipeline - INFO - Total pipeline time: 2.74s
2025-06-24 10:16:03,872 - backend.pipeline.doc_parser_pipeline - INFO - Split took 1.20s
2025-06-24 10:16:06,001 - unstructured_inference - INFO - Reading PDF for file: /home/dedya/UniDocParser/uploads/ed9902f1-db4b-480f-8cc7-3245cad09a2d_dummy_scanned1.pdf ...
2025-06-24 10:16:11,560 - unstructured_inference - INFO - Loading the Table agent ...
2025-06-24 10:16:11,560 - unstructured_inference - INFO - Loading the table structure model ...
2025-06-24 10:16:12,119 - timm.models._builder - INFO - Loading pretrained weights from Hugging Face hub (timm/resnet18.a1_in1k)
2025-06-24 10:16:12,431 - timm.models._hub - INFO - [timm/resnet18.a1_in1k] Safe alternative available for 'pytorch_model.bin' (as 'model.safetensors'). Loading weights using safetensors.
2025-06-24 10:16:12,442 - timm.models._builder - INFO - Missing keys (fc.weight, fc.bias) discovered while loading pretrained weights. This is expected if model is being adapted.
2025-06-24 10:16:13,070 - backend.pipeline.doc_parser_pipeline - INFO - Extract Elements took 9.20s
2025-06-24 10:16:44,137 - backend.pipeline.doc_parser_pipeline - INFO - Extract Images took 31.07s
2025-06-24 10:16:44,140 - backend.pipeline.doc_parser_pipeline - INFO - Format Extracted Text took 0.00s
2025-06-24 10:17:26,228 - backend.pipeline.doc_parser_pipeline - INFO - Format Markdown took 42.09s
2025-06-24 10:17:26,229 - backend.pipeline.doc_parser_pipeline - INFO - Total pipeline time: 83.56s
2025-06-24 10:19:25,308 - backend.pipeline.doc_parser_pipeline - INFO - Split took 0.02s
2025-06-24 10:19:25,398 - backend.pipeline.doc_parser_pipeline - INFO - Extract Elements took 0.09s
2025-06-24 10:19:25,398 - backend.pipeline.doc_parser_pipeline - INFO - Extract Images took 0.00s
2025-06-24 10:19:25,411 - backend.pipeline.doc_parser_pipeline - INFO - Format Extracted Text took 0.01s
2025-06-24 10:19:25,411 - backend.pipeline.doc_parser_pipeline - INFO - Total pipeline time: 0.12s
2025-06-24 10:20:06,893 - backend.pipeline.doc_parser_pipeline - INFO - Split took 0.02s
2025-06-24 10:20:06,979 - backend.pipeline.doc_parser_pipeline - INFO - Extract Elements took 0.08s
2025-06-24 10:20:06,979 - backend.pipeline.doc_parser_pipeline - INFO - Extract Images took 0.00s
2025-06-24 10:20:06,992 - backend.pipeline.doc_parser_pipeline - INFO - Format Extracted Text took 0.01s
2025-06-24 10:20:06,992 - backend.pipeline.doc_parser_pipeline - INFO - Total pipeline time: 0.11s
2025-06-24 10:23:50,096 - backend.pipeline.doc_parser_pipeline - INFO - Split took 0.02s
2025-06-24 10:23:50,174 - backend.pipeline.doc_parser_pipeline - INFO - Extract Elements took 0.08s
2025-06-24 10:23:50,175 - backend.pipeline.doc_parser_pipeline - INFO - Extract Images took 0.00s
2025-06-24 10:23:50,186 - backend.pipeline.doc_parser_pipeline - INFO - Format Extracted Text took 0.01s
2025-06-24 10:23:50,186 - backend.pipeline.doc_parser_pipeline - INFO - Total pipeline time: 0.11s
2025-06-24 10:23:56,036 - backend.main - INFO - Application shutdown begins...
2025-06-24 10:23:56,036 - backend.main - INFO - Application shutdown complete.
2025-06-24 10:25:01,379 - backend.main - INFO - FastAPI application created and configured.
2025-06-24 10:25:01,380 - backend.main - INFO - Application startup begins...
2025-06-24 10:25:01,380 - backend.main - INFO - Application startup complete.
2025-06-24 10:25:22,747 - backend.pipeline.doc_parser_pipeline - INFO - Split took 0.12s
2025-06-24 10:25:25,939 - backend.pipeline.doc_parser_pipeline - INFO - Extract Elements took 3.19s
2025-06-24 10:25:25,940 - backend.pipeline.doc_parser_pipeline - INFO - Extract Images took 0.00s
2025-06-24 10:25:25,955 - backend.pipeline.doc_parser_pipeline - INFO - Format Extracted Text took 0.01s
2025-06-24 10:25:25,956 - backend.pipeline.doc_parser_pipeline - INFO - Total pipeline time: 3.32s
2025-06-24 10:26:22,430 - backend.pipeline.doc_parser_pipeline - INFO - Split took 0.02s
2025-06-24 10:26:22,508 - backend.pipeline.doc_parser_pipeline - INFO - Extract Elements took 0.08s
2025-06-24 10:26:22,509 - backend.pipeline.doc_parser_pipeline - INFO - Extract Images took 0.00s
2025-06-24 10:26:22,521 - backend.pipeline.doc_parser_pipeline - INFO - Format Extracted Text took 0.01s
2025-06-24 10:26:22,521 - backend.pipeline.doc_parser_pipeline - INFO - Total pipeline time: 0.11s
2025-06-24 10:27:43,298 - backend.pipeline.doc_parser_pipeline - INFO - Split took 0.02s
2025-06-24 10:27:43,388 - backend.pipeline.doc_parser_pipeline - INFO - Extract Elements took 0.09s
2025-06-24 10:27:43,388 - backend.pipeline.doc_parser_pipeline - INFO - Extract Images took 0.00s
2025-06-24 10:27:43,400 - backend.pipeline.doc_parser_pipeline - INFO - Format Extracted Text took 0.01s
2025-06-24 10:27:43,400 - backend.pipeline.doc_parser_pipeline - INFO - Total pipeline time: 0.12s
2025-06-24 10:29:09,323 - backend.pipeline.doc_parser_pipeline - INFO - Split took 0.02s
2025-06-24 10:29:09,404 - backend.pipeline.doc_parser_pipeline - INFO - Extract Elements took 0.08s
2025-06-24 10:29:09,404 - backend.pipeline.doc_parser_pipeline - INFO - Extract Images took 0.00s
2025-06-24 10:29:09,415 - backend.pipeline.doc_parser_pipeline - INFO - Format Extracted Text took 0.01s
2025-06-24 10:29:09,416 - backend.pipeline.doc_parser_pipeline - INFO - Total pipeline time: 0.11s
2025-06-24 10:35:58,845 - backend.pipeline.doc_parser_pipeline - INFO - Split took 1.24s
2025-06-24 10:36:01,081 - unstructured_inference - INFO - Reading PDF for file: /home/dedya/UniDocParser/uploads/7d38d8cd-ffa4-4df6-900c-de3763c382ed_dummy_scanned1.pdf ...
2025-06-24 10:36:06,666 - unstructured_inference - INFO - Loading the Table agent ...
2025-06-24 10:36:06,667 - unstructured_inference - INFO - Loading the table structure model ...
2025-06-24 10:36:07,332 - timm.models._builder - INFO - Loading pretrained weights from Hugging Face hub (timm/resnet18.a1_in1k)
2025-06-24 10:36:07,641 - timm.models._hub - INFO - [timm/resnet18.a1_in1k] Safe alternative available for 'pytorch_model.bin' (as 'model.safetensors'). Loading weights using safetensors.
2025-06-24 10:36:07,652 - timm.models._builder - INFO - Missing keys (fc.weight, fc.bias) discovered while loading pretrained weights. This is expected if model is being adapted.
2025-06-24 10:36:08,298 - backend.pipeline.doc_parser_pipeline - INFO - Extract Elements took 9.45s
2025-06-24 10:36:41,934 - backend.pipeline.doc_parser_pipeline - INFO - Extract Images took 33.64s
2025-06-24 10:36:41,940 - backend.pipeline.doc_parser_pipeline - INFO - Format Extracted Text took 0.00s
2025-06-24 10:37:34,049 - backend.pipeline.doc_parser_pipeline - INFO - Format Markdown took 52.11s
2025-06-24 10:37:34,051 - backend.pipeline.doc_parser_pipeline - INFO - Total pipeline time: 96.45s
2025-06-24 10:41:02,208 - backend.main - INFO - Application shutdown begins...
2025-06-24 10:41:02,209 - backend.main - INFO - Application shutdown complete.
2025-06-24 10:45:16,081 - backend.main - INFO - FastAPI application created and configured.
2025-06-24 10:45:16,081 - backend.main - INFO - Application startup begins...
2025-06-24 10:45:16,082 - backend.main - INFO - Application startup complete.
2025-06-24 10:45:36,835 - backend.pipeline.doc_parser_pipeline - INFO - Split took 1.28s
2025-06-24 10:45:41,385 - unstructured_inference - INFO - Reading PDF for file: /home/dedya/UniDocParser/uploads/1929969d-be91-4669-aede-a827ab9d9077_dummy_scanned1.pdf ...
2025-06-24 10:45:47,096 - unstructured_inference - INFO - Loading the Table agent ...
2025-06-24 10:45:47,096 - unstructured_inference - INFO - Loading the table structure model ...
2025-06-24 10:45:47,629 - timm.models._builder - INFO - Loading pretrained weights from Hugging Face hub (timm/resnet18.a1_in1k)
2025-06-24 10:45:47,888 - timm.models._hub - INFO - [timm/resnet18.a1_in1k] Safe alternative available for 'pytorch_model.bin' (as 'model.safetensors'). Loading weights using safetensors.
2025-06-24 10:45:47,901 - timm.models._builder - INFO - Missing keys (fc.weight, fc.bias) discovered while loading pretrained weights. This is expected if model is being adapted.
2025-06-24 10:45:49,194 - backend.pipeline.doc_parser_pipeline - INFO - Extract Elements took 12.36s
2025-06-24 10:46:23,948 - backend.pipeline.doc_parser_pipeline - INFO - Extract Images took 34.75s
2025-06-24 10:46:23,954 - backend.pipeline.doc_parser_pipeline - INFO - Format Extracted Text took 0.01s
2025-06-24 10:47:13,669 - backend.pipeline.doc_parser_pipeline - INFO - Format Markdown took 49.71s
2025-06-24 10:47:13,672 - backend.pipeline.doc_parser_pipeline - INFO - Total pipeline time: 98.12s
2025-06-24 10:50:24,888 - backend.pipeline.doc_parser_pipeline - INFO - Split took 1.36s
2025-06-24 10:50:24,916 - unstructured_inference - INFO - Reading PDF for file: /home/dedya/UniDocParser/uploads/74743357-bfa0-47a3-a7a2-8cec46c78f80_dummy_scanned1.pdf ...
2025-06-24 10:50:31,127 - backend.pipeline.doc_parser_pipeline - INFO - Extract Elements took 6.24s
2025-06-24 10:50:53,422 - backend.pipeline.doc_parser_pipeline - INFO - Extract Images took 22.29s
2025-06-24 10:50:53,426 - backend.pipeline.doc_parser_pipeline - INFO - Format Extracted Text took 0.00s
2025-06-24 10:51:25,422 - backend.pipeline.doc_parser_pipeline - INFO - Format Markdown took 31.99s
2025-06-24 10:51:25,423 - backend.pipeline.doc_parser_pipeline - INFO - Total pipeline time: 61.89s
2025-06-24 10:51:57,588 - backend.pipeline.doc_parser_pipeline - INFO - Split took 1.29s
2025-06-24 10:51:57,625 - unstructured_inference - INFO - Reading PDF for file: /home/dedya/UniDocParser/uploads/9bee111b-05d8-424c-8a01-d576458fce28_dummy_scanned1.pdf ...
2025-06-24 10:52:03,998 - backend.pipeline.doc_parser_pipeline - INFO - Extract Elements took 6.41s
2025-06-24 10:52:25,253 - backend.pipeline.doc_parser_pipeline - INFO - Extract Images took 21.25s
2025-06-24 10:52:25,258 - backend.pipeline.doc_parser_pipeline - INFO - Format Extracted Text took 0.00s
2025-06-24 10:53:05,274 - backend.pipeline.doc_parser_pipeline - INFO - Format Markdown took 40.01s
2025-06-24 10:53:05,275 - backend.pipeline.doc_parser_pipeline - INFO - Total pipeline time: 68.97s
2025-06-24 10:56:12,953 - backend.main - INFO - Application shutdown begins...
2025-06-24 10:56:12,954 - backend.main - INFO - Application shutdown complete.
2025-08-15 14:38:29,848 - backend.main - INFO - FastAPI application created and configured.
2025-08-15 14:38:29,849 - backend.main - INFO - Application startup begins...
2025-08-15 14:38:29,849 - backend.main - INFO - Application startup complete.
2025-08-15 14:49:53,111 - backend.pipeline.doc_parser_pipeline - INFO - Split took 1.26s
2025-08-15 14:49:58,820 - unstructured_inference - INFO - Reading PDF for file: /home/dedya/UniDocParser/uploads/2f77d2d7-fa09-45e7-a65d-85882e54fb6d_dummy_scanned1.pdf ...
2025-08-15 14:50:04,280 - unstructured_inference - INFO - Loading the Table agent ...
2025-08-15 14:50:04,281 - unstructured_inference - INFO - Loading the table structure model ...
2025-08-15 14:50:04,898 - timm.models._builder - INFO - Loading pretrained weights from Hugging Face hub (timm/resnet18.a1_in1k)
2025-08-15 14:50:05,188 - timm.models._hub - INFO - [timm/resnet18.a1_in1k] Safe alternative available for 'pytorch_model.bin' (as 'model.safetensors'). Loading weights using safetensors.
2025-08-15 14:50:05,198 - timm.models._builder - INFO - Missing keys (fc.weight, fc.bias) discovered while loading pretrained weights. This is expected if model is being adapted.
2025-08-15 14:50:05,965 - backend.pipeline.doc_parser_pipeline - INFO - Extract Elements took 12.85s
2025-08-15 14:50:52,413 - backend.pipeline.doc_parser_pipeline - INFO - Extract Images took 46.45s
2025-08-15 14:50:52,417 - backend.pipeline.doc_parser_pipeline - INFO - Format Extracted Text took 0.00s
2025-08-15 14:54:45,258 - backend.main - INFO - Application shutdown begins...
2025-08-15 14:54:45,259 - backend.main - INFO - Application shutdown complete.
2025-08-15 14:56:55,891 - backend.main - INFO - FastAPI application created and configured.
2025-08-15 14:56:55,892 - backend.main - INFO - Application startup begins...
2025-08-15 14:56:55,892 - backend.main - INFO - Application startup complete.
2025-08-15 14:57:10,950 - backend.pipeline.doc_parser_pipeline - INFO - Split took 1.18s
2025-08-15 14:57:14,703 - unstructured_inference - INFO - Reading PDF for file: /home/dedya/UniDocParser/uploads/bd9a1dc7-8deb-49ea-a59e-2c9f0f68e3ff_dummy_scanned1.pdf ...
2025-08-15 14:57:19,567 - unstructured_inference - INFO - Loading the Table agent ...
2025-08-15 14:57:19,567 - unstructured_inference - INFO - Loading the table structure model ...
2025-08-15 14:57:20,143 - timm.models._builder - INFO - Loading pretrained weights from Hugging Face hub (timm/resnet18.a1_in1k)
2025-08-15 14:57:20,392 - timm.models._hub - INFO - [timm/resnet18.a1_in1k] Safe alternative available for 'pytorch_model.bin' (as 'model.safetensors'). Loading weights using safetensors.
2025-08-15 14:57:20,402 - timm.models._builder - INFO - Missing keys (fc.weight, fc.bias) discovered while loading pretrained weights. This is expected if model is being adapted.
2025-08-15 14:57:21,163 - backend.pipeline.doc_parser_pipeline - INFO - Extract Elements took 10.21s
2025-08-15 14:58:07,928 - backend.pipeline.doc_parser_pipeline - INFO - Extract Images took 46.76s
2025-08-15 14:58:07,933 - backend.pipeline.doc_parser_pipeline - INFO - Format Extracted Text took 0.00s
2025-08-15 14:58:57,844 - backend.pipeline.doc_parser_pipeline - INFO - Format Markdown took 49.91s
2025-08-15 14:58:57,849 - backend.pipeline.doc_parser_pipeline - INFO - Total pipeline time: 108.07s
2025-08-19 09:32:23,087 - backend.main - INFO - FastAPI application created and configured.
2025-08-19 09:32:23,088 - backend.main - INFO - Application startup begins...
2025-08-19 09:32:23,088 - backend.main - INFO - Application startup complete.
2025-08-19 09:35:34,736 - backend.file_ingestion.file_ingest - ERROR - Error while handling /home/dedya/UniDocParser/uploads/5f4de7e4-4dc8-4c70-babe-87c28efbd042_dummy_scanned1.pdf: unsupported operand type(s) for /: 'str' and 'str'
Traceback (most recent call last):
  File "/home/dedya/UniDocParser/backend/file_ingestion/file_ingest.py", line 55, in handle_file
    return handler(p)
           ^^^^^^^^^^
  File "/home/dedya/UniDocParser/backend/utils/trackers.py", line 27, in sync_wrapper
    result = func(*args, **kwargs)
             ^^^^^^^^^^^^^^^^^^^^^
  File "/home/dedya/UniDocParser/backend/file_ingestion/handlers/pdf_handler.py", line 53, in handle
    pages.append(f.result())
                 ^^^^^^^^^^
  File "/usr/local/lib/python3.11/concurrent/futures/_base.py", line 449, in result
    return self.__get_result()
           ^^^^^^^^^^^^^^^^^^^
  File "/usr/local/lib/python3.11/concurrent/futures/_base.py", line 401, in __get_result
    raise self._exception
  File "/usr/local/lib/python3.11/concurrent/futures/thread.py", line 58, in run
    result = self.fn(*self.args, **self.kwargs)
             ^^^^^^^^^^^^^^^^^^^^^^^^^^^^^^^^^^
  File "/home/dedya/UniDocParser/backend/file_ingestion/handlers/pdf_handler.py", line 44, in _process_one
    out_path = self.img_pages_dir / f"{base}_{idx}.jpeg"
               ~~~~~~~~~~~~~~~~~~~^~~~~~~~~~~~~~~~~~~~~~
TypeError: unsupported operand type(s) for /: 'str' and 'str'
2025-08-19 09:35:34,739 - backend.pipeline.doc_parser_pipeline - INFO - Split took 0.87s
2025-08-19 09:35:41,542 - unstructured_inference - INFO - Reading PDF for file: /home/dedya/UniDocParser/uploads/5f4de7e4-4dc8-4c70-babe-87c28efbd042_dummy_scanned1.pdf ...
2025-08-19 09:35:46,795 - unstructured_inference - INFO - Loading the Table agent ...
2025-08-19 09:35:46,796 - unstructured_inference - INFO - Loading the table structure model ...
2025-08-19 09:35:47,347 - timm.models._builder - INFO - Loading pretrained weights from Hugging Face hub (timm/resnet18.a1_in1k)
2025-08-19 09:35:47,611 - timm.models._hub - INFO - [timm/resnet18.a1_in1k] Safe alternative available for 'pytorch_model.bin' (as 'model.safetensors'). Loading weights using safetensors.
2025-08-19 09:35:47,652 - timm.models._builder - INFO - Missing keys (fc.weight, fc.bias) discovered while loading pretrained weights. This is expected if model is being adapted.
2025-08-19 09:35:49,413 - backend.pipeline.doc_parser_pipeline - INFO - Extract Elements took 14.67s
2025-08-19 09:40:06,677 - backend.main - INFO - Application shutdown begins...
2025-08-19 09:40:06,677 - backend.main - INFO - Application shutdown complete.
2025-08-19 09:41:07,960 - backend.main - INFO - FastAPI application created and configured.
2025-08-19 09:41:07,960 - backend.main - INFO - Application startup begins...
2025-08-19 09:41:07,960 - backend.main - INFO - Application startup complete.
2025-08-19 09:41:29,596 - backend.file_ingestion.handlers.pdf_handler - INFO - PDF pages processed: 1
2025-08-19 09:41:29,596 - backend.utils.trackers - INFO - [file_ingest.py -> PDFHandler] Function 'handle' took 0.8577 seconds.
2025-08-19 09:42:40,676 - backend.file_ingestion.handlers.pdf_handler - INFO - PDF pages processed: 1
2025-08-19 09:42:40,676 - backend.utils.trackers - INFO - [file_ingest.py -> PDFHandler] Function 'handle' took 0.7608 seconds.
2025-08-19 09:44:48,008 - backend.main - INFO - Application shutdown begins...
2025-08-19 09:44:48,009 - backend.main - INFO - Application shutdown complete.
2025-08-19 09:45:51,110 - backend.main - INFO - FastAPI application created and configured.
2025-08-19 09:45:51,111 - backend.main - INFO - Application startup begins...
2025-08-19 09:45:51,111 - backend.main - INFO - Application startup complete.
2025-08-19 09:45:58,052 - backend.file_ingestion.handlers.pdf_handler - INFO - PDF pages processed: 1
2025-08-19 09:45:58,053 - backend.utils.trackers - INFO - [file_ingest.py -> PDFHandler] Function 'handle' took 0.8319 seconds.
2025-08-19 09:49:09,289 - backend.main - INFO - Application shutdown begins...
2025-08-19 09:49:09,289 - backend.main - INFO - Application shutdown complete.
2025-08-19 09:50:13,221 - backend.main - INFO - FastAPI application created and configured.
2025-08-19 09:50:13,222 - backend.main - INFO - Application startup begins...
2025-08-19 09:50:13,222 - backend.main - INFO - Application startup complete.
2025-08-19 09:50:20,185 - backend.file_ingestion.handlers.pdf_handler - INFO - PDF pages processed: 1
2025-08-19 09:50:20,185 - backend.utils.trackers - INFO - [file_ingest.py -> PDFHandler] Function 'handle' took 0.8326 seconds.
2025-08-19 09:52:04,432 - backend.main - INFO - Application shutdown begins...
2025-08-19 09:52:04,432 - backend.main - INFO - Application shutdown complete.
2025-08-19 09:53:17,028 - backend.main - INFO - FastAPI application created and configured.
2025-08-19 09:53:17,028 - backend.main - INFO - Application startup begins...
2025-08-19 09:53:17,029 - backend.main - INFO - Application startup complete.
2025-08-19 09:53:22,765 - backend.file_ingestion.handlers.pdf_handler - INFO - PDF pages processed: 1
2025-08-19 09:53:22,765 - backend.utils.trackers - INFO - [file_ingest.py -> PDFHandler] Function 'handle' took 0.8226 seconds.
2025-08-19 09:53:22,766 - backend.pipeline.doc_parser_pipeline - INFO - Split took 0.83s
2025-08-19 09:53:26,729 - unstructured_inference - INFO - Reading PDF for file: /home/dedya/UniDocParser/uploads/8d83876f-8bd1-4cb5-9aad-bbe57c8838bd_dummy_scanned1.pdf ...
2025-08-19 09:53:32,229 - unstructured_inference - INFO - Loading the Table agent ...
2025-08-19 09:53:32,230 - unstructured_inference - INFO - Loading the table structure model ...
2025-08-19 09:53:32,764 - timm.models._builder - INFO - Loading pretrained weights from Hugging Face hub (timm/resnet18.a1_in1k)
2025-08-19 09:53:33,015 - timm.models._hub - INFO - [timm/resnet18.a1_in1k] Safe alternative available for 'pytorch_model.bin' (as 'model.safetensors'). Loading weights using safetensors.
2025-08-19 09:53:33,023 - timm.models._builder - INFO - Missing keys (fc.weight, fc.bias) discovered while loading pretrained weights. This is expected if model is being adapted.
2025-08-19 09:53:34,218 - backend.pipeline.doc_parser_pipeline - INFO - Extract Elements took 11.45s
2025-08-19 09:54:25,087 - backend.pipeline.doc_parser_pipeline - INFO - Extract Images took 50.87s
2025-08-19 09:54:25,093 - backend.pipeline.doc_parser_pipeline - INFO - Format Extracted Text took 0.01s
2025-08-19 10:00:15,436 - backend.main - INFO - Application shutdown begins...
2025-08-19 10:00:15,437 - backend.main - INFO - Application shutdown complete.
2025-08-19 10:46:09,974 - backend.main - INFO - FastAPI application created and configured.
2025-08-19 10:46:09,974 - backend.main - INFO - Application startup begins...
2025-08-19 10:46:09,975 - backend.main - INFO - Application startup complete.
2025-08-19 10:46:24,398 - backend.file_ingestion.handlers.pdf_handler - INFO - PDF pages processed: 1
2025-08-19 10:46:24,398 - backend.utils.trackers - INFO - [file_ingest.py -> PDFHandler] Function 'handle' took 0.8730 seconds.
2025-08-19 10:46:24,399 - backend.pipeline.doc_parser_pipeline - INFO - Split took 0.88s
2025-08-19 10:46:24,400 - backend.extraction.services.element_extractor - INFO - Extracting elements from: /home/dedya/UniDocParser/uploads/4442f5ac-0bf8-4c07-b6e4-7b118ed1294e_dummy_scanned1.pdf
2025-08-19 10:46:27,574 - backend.extraction.extractors.pdf_extractor - INFO - Partitioning PDF: /home/dedya/UniDocParser/uploads/4442f5ac-0bf8-4c07-b6e4-7b118ed1294e_dummy_scanned1.pdf
2025-08-19 10:46:28,550 - unstructured_inference - INFO - Reading PDF for file: /home/dedya/UniDocParser/uploads/4442f5ac-0bf8-4c07-b6e4-7b118ed1294e_dummy_scanned1.pdf ...
2025-08-19 10:46:33,112 - unstructured_inference - INFO - Loading the Table agent ...
2025-08-19 10:46:33,113 - unstructured_inference - INFO - Loading the table structure model ...
2025-08-19 10:46:33,654 - timm.models._builder - INFO - Loading pretrained weights from Hugging Face hub (timm/resnet18.a1_in1k)
2025-08-19 10:46:33,909 - timm.models._hub - INFO - [timm/resnet18.a1_in1k] Safe alternative available for 'pytorch_model.bin' (as 'model.safetensors'). Loading weights using safetensors.
2025-08-19 10:46:33,918 - timm.models._builder - INFO - Missing keys (fc.weight, fc.bias) discovered while loading pretrained weights. This is expected if model is being adapted.
2025-08-19 10:46:35,090 - backend.extraction.services.element_extractor - INFO - Extracted 1 elements from /home/dedya/UniDocParser/uploads/4442f5ac-0bf8-4c07-b6e4-7b118ed1294e_dummy_scanned1.pdf
2025-08-19 10:51:02,155 - backend.main - INFO - Application shutdown begins...
2025-08-19 10:51:02,156 - backend.main - INFO - Application shutdown complete.
2025-08-19 10:52:03,296 - backend.main - INFO - FastAPI application created and configured.
2025-08-19 10:52:03,297 - backend.main - INFO - Application startup begins...
2025-08-19 10:52:03,297 - backend.main - INFO - Application startup complete.
2025-08-19 10:52:16,492 - backend.file_ingestion.handlers.pdf_handler - INFO - PDF pages processed: 1
2025-08-19 10:52:16,492 - backend.utils.trackers - INFO - [file_ingest.py -> PDFHandler] Function 'handle' took 0.8296 seconds.
2025-08-19 10:52:16,493 - backend.pipeline.doc_parser_pipeline - INFO - Split took 0.83s
2025-08-19 10:52:16,493 - backend.extraction.services.element_extractor - INFO - Extracting elements from: /home/dedya/UniDocParser/uploads/9dba0ef6-b19c-46f1-b71e-8ee0a2a42eb9_dummy_scanned1.pdf
2025-08-19 10:52:19,129 - backend.extraction.extractors.pdf_extractor - INFO - Partitioning PDF: /home/dedya/UniDocParser/uploads/9dba0ef6-b19c-46f1-b71e-8ee0a2a42eb9_dummy_scanned1.pdf
2025-08-19 10:52:20,110 - unstructured_inference - INFO - Reading PDF for file: /home/dedya/UniDocParser/uploads/9dba0ef6-b19c-46f1-b71e-8ee0a2a42eb9_dummy_scanned1.pdf ...
2025-08-19 10:52:25,187 - unstructured_inference - INFO - Loading the Table agent ...
2025-08-19 10:52:25,187 - unstructured_inference - INFO - Loading the table structure model ...
2025-08-19 10:52:25,734 - timm.models._builder - INFO - Loading pretrained weights from Hugging Face hub (timm/resnet18.a1_in1k)
2025-08-19 10:52:25,981 - timm.models._hub - INFO - [timm/resnet18.a1_in1k] Safe alternative available for 'pytorch_model.bin' (as 'model.safetensors'). Loading weights using safetensors.
2025-08-19 10:52:25,989 - timm.models._builder - INFO - Missing keys (fc.weight, fc.bias) discovered while loading pretrained weights. This is expected if model is being adapted.
2025-08-19 10:52:27,328 - backend.extraction.services.element_extractor - INFO - Extracted 1 elements from /home/dedya/UniDocParser/uploads/9dba0ef6-b19c-46f1-b71e-8ee0a2a42eb9_dummy_scanned1.pdf
2025-08-19 10:58:18,131 - backend.main - INFO - Application shutdown begins...
2025-08-19 10:58:18,132 - backend.main - INFO - Application shutdown complete.
2025-08-19 10:59:30,602 - backend.main - INFO - FastAPI application created and configured.
2025-08-19 10:59:30,603 - backend.main - INFO - Application startup begins...
2025-08-19 10:59:30,603 - backend.main - INFO - Application startup complete.
2025-08-19 10:59:41,474 - backend.file_ingestion.handlers.pdf_handler - INFO - PDF pages processed: 1
2025-08-19 10:59:41,474 - backend.utils.trackers - INFO - [file_ingest.py -> PDFHandler] Function 'handle' took 0.8430 seconds.
2025-08-19 10:59:41,475 - backend.pipeline.doc_parser_pipeline - INFO - Split took 0.85s
2025-08-19 10:59:41,476 - backend.extraction.services.element_extractor - INFO - Extracting elements from: /home/dedya/UniDocParser/uploads/7410f652-91ae-49b2-af12-af9f76223544_dummy_scanned1.pdf
2025-08-19 10:59:44,376 - backend.extraction.extractors.pdf_extractor - INFO - Partitioning PDF: /home/dedya/UniDocParser/uploads/7410f652-91ae-49b2-af12-af9f76223544_dummy_scanned1.pdf
2025-08-19 10:59:45,357 - unstructured_inference - INFO - Reading PDF for file: /home/dedya/UniDocParser/uploads/7410f652-91ae-49b2-af12-af9f76223544_dummy_scanned1.pdf ...
2025-08-19 10:59:50,579 - unstructured_inference - INFO - Loading the Table agent ...
2025-08-19 10:59:50,579 - unstructured_inference - INFO - Loading the table structure model ...
2025-08-19 10:59:51,123 - timm.models._builder - INFO - Loading pretrained weights from Hugging Face hub (timm/resnet18.a1_in1k)
2025-08-19 10:59:51,379 - timm.models._hub - INFO - [timm/resnet18.a1_in1k] Safe alternative available for 'pytorch_model.bin' (as 'model.safetensors'). Loading weights using safetensors.
2025-08-19 10:59:51,387 - timm.models._builder - INFO - Missing keys (fc.weight, fc.bias) discovered while loading pretrained weights. This is expected if model is being adapted.
2025-08-19 10:59:52,783 - backend.extraction.services.element_extractor - INFO - Extracted 1 elements from /home/dedya/UniDocParser/uploads/7410f652-91ae-49b2-af12-af9f76223544_dummy_scanned1.pdf
2025-08-19 11:01:27,542 - backend.main - INFO - Application shutdown begins...
2025-08-19 11:01:27,543 - backend.main - INFO - Application shutdown complete.
2025-08-19 11:02:28,503 - backend.main - INFO - FastAPI application created and configured.
2025-08-19 11:02:28,504 - backend.main - INFO - Application startup begins...
2025-08-19 11:02:28,504 - backend.main - INFO - Application startup complete.
2025-08-19 11:02:39,713 - backend.file_ingestion.handlers.pdf_handler - INFO - PDF pages processed: 1
2025-08-19 11:02:39,714 - backend.utils.trackers - INFO - [file_ingest.py -> PDFHandler] Function 'handle' took 0.8533 seconds.
2025-08-19 11:02:39,714 - backend.pipeline.doc_parser_pipeline - INFO - Split took 0.86s
2025-08-19 11:02:39,715 - backend.extraction.services.element_extractor - INFO - Extracting elements from: /home/dedya/UniDocParser/uploads/8909588f-3bd7-4185-9441-5c7110023515_dummy_scanned1.pdf
2025-08-19 11:02:42,363 - backend.extraction.extractors.pdf_extractor - INFO - Partitioning PDF: /home/dedya/UniDocParser/uploads/8909588f-3bd7-4185-9441-5c7110023515_dummy_scanned1.pdf
2025-08-19 11:02:43,309 - unstructured_inference - INFO - Reading PDF for file: /home/dedya/UniDocParser/uploads/8909588f-3bd7-4185-9441-5c7110023515_dummy_scanned1.pdf ...
2025-08-19 11:02:48,126 - unstructured_inference - INFO - Loading the Table agent ...
2025-08-19 11:02:48,127 - unstructured_inference - INFO - Loading the table structure model ...
2025-08-19 11:02:48,680 - timm.models._builder - INFO - Loading pretrained weights from Hugging Face hub (timm/resnet18.a1_in1k)
2025-08-19 11:02:48,976 - timm.models._hub - INFO - [timm/resnet18.a1_in1k] Safe alternative available for 'pytorch_model.bin' (as 'model.safetensors'). Loading weights using safetensors.
2025-08-19 11:02:48,987 - timm.models._builder - INFO - Missing keys (fc.weight, fc.bias) discovered while loading pretrained weights. This is expected if model is being adapted.
2025-08-19 11:02:50,190 - backend.extraction.services.element_extractor - INFO - Extracted 1 elements from /home/dedya/UniDocParser/uploads/8909588f-3bd7-4185-9441-5c7110023515_dummy_scanned1.pdf
2025-08-19 11:08:31,752 - backend.main - INFO - FastAPI application created and configured.
2025-08-19 11:08:31,753 - backend.main - INFO - Application startup begins...
2025-08-19 11:08:31,753 - backend.main - INFO - Application startup complete.
2025-08-19 11:08:38,562 - backend.file_ingestion.handlers.pdf_handler - INFO - PDF pages processed: 1
2025-08-19 11:08:38,562 - backend.utils.trackers - INFO - [file_ingest.py -> PDFHandler] Function 'handle' took 0.8529 seconds.
2025-08-19 11:08:38,563 - backend.pipeline.doc_parser_pipeline - INFO - Split took 0.85s
2025-08-19 11:08:38,564 - backend.extraction.services.element_extractor - INFO - Extracting elements from: /home/dedya/UniDocParser/uploads/4b3ff98c-25f4-42bc-ba71-7888ccf419e5_dummy_scanned1.pdf
2025-08-19 11:08:41,329 - backend.extraction.extractors.pdf_extractor - INFO - Partitioning PDF: /home/dedya/UniDocParser/uploads/4b3ff98c-25f4-42bc-ba71-7888ccf419e5_dummy_scanned1.pdf
2025-08-19 11:08:42,253 - unstructured_inference - INFO - Reading PDF for file: /home/dedya/UniDocParser/uploads/4b3ff98c-25f4-42bc-ba71-7888ccf419e5_dummy_scanned1.pdf ...
2025-08-19 11:08:47,051 - unstructured_inference - INFO - Loading the Table agent ...
2025-08-19 11:08:47,051 - unstructured_inference - INFO - Loading the table structure model ...
2025-08-19 11:08:47,777 - timm.models._builder - INFO - Loading pretrained weights from Hugging Face hub (timm/resnet18.a1_in1k)
2025-08-19 11:08:48,028 - timm.models._hub - INFO - [timm/resnet18.a1_in1k] Safe alternative available for 'pytorch_model.bin' (as 'model.safetensors'). Loading weights using safetensors.
2025-08-19 11:08:48,036 - timm.models._builder - INFO - Missing keys (fc.weight, fc.bias) discovered while loading pretrained weights. This is expected if model is being adapted.
2025-08-19 11:08:49,198 - backend.extraction.services.element_extractor - INFO - Extracted 1 elements from /home/dedya/UniDocParser/uploads/4b3ff98c-25f4-42bc-ba71-7888ccf419e5_dummy_scanned1.pdf
2025-08-19 22:02:13,005 - backend.main - INFO - FastAPI application created and configured.
2025-08-19 22:02:13,006 - backend.main - INFO - Application startup begins...
2025-08-19 22:02:13,006 - backend.main - INFO - Application startup complete.
2025-08-19 22:02:35,267 - backend.main - INFO - Application shutdown begins...
2025-08-19 22:02:35,267 - backend.main - INFO - Application shutdown complete.
2025-08-19 22:03:36,622 - backend.main - INFO - FastAPI application created and configured.
2025-08-19 22:03:36,623 - backend.main - INFO - Application startup begins...
2025-08-19 22:03:36,623 - backend.main - INFO - Application startup complete.
2025-08-19 22:03:36,624 - backend.main - INFO - Application shutdown begins...
2025-08-19 22:03:36,624 - backend.main - INFO - Application shutdown complete.
2025-08-19 22:07:18,251 - backend.main - INFO - FastAPI application created and configured.
2025-08-19 22:07:18,252 - backend.main - INFO - Application startup begins...
2025-08-19 22:07:18,253 - backend.main - INFO - Application startup complete.
2025-08-19 22:07:44,616 - backend.file_ingestion.handlers.pdf_handler - INFO - PDF pages processed: 1
2025-08-19 22:07:44,630 - backend.utils.trackers - INFO - [file_ingest.py -> PDFHandler] Function 'handle' took 0.8783 seconds.
2025-08-19 22:07:44,631 - backend.pipeline.doc_parser_pipeline - INFO - Split took 0.89s
2025-08-19 22:07:44,631 - backend.extraction.services.element_extractor - INFO - Extracting elements from: /home/dedya/UniDocParser/uploads/c02c3cde-3f69-4478-b5ad-cbc5fefe97d4_dummy_scanned1.pdf
2025-08-19 22:07:49,790 - backend.extraction.extractors.pdf_extractor - INFO - Partitioning PDF: /home/dedya/UniDocParser/uploads/c02c3cde-3f69-4478-b5ad-cbc5fefe97d4_dummy_scanned1.pdf
2025-08-19 22:07:51,924 - unstructured_inference - INFO - Reading PDF for file: /home/dedya/UniDocParser/uploads/c02c3cde-3f69-4478-b5ad-cbc5fefe97d4_dummy_scanned1.pdf ...
2025-08-19 22:07:56,695 - unstructured_inference - INFO - Loading the Table agent ...
2025-08-19 22:07:56,695 - unstructured_inference - INFO - Loading the table structure model ...
2025-08-19 22:07:57,262 - timm.models._builder - INFO - Loading pretrained weights from Hugging Face hub (timm/resnet18.a1_in1k)
2025-08-19 22:07:57,518 - timm.models._hub - INFO - [timm/resnet18.a1_in1k] Safe alternative available for 'pytorch_model.bin' (as 'model.safetensors'). Loading weights using safetensors.
2025-08-19 22:07:57,564 - timm.models._builder - INFO - Missing keys (fc.weight, fc.bias) discovered while loading pretrained weights. This is expected if model is being adapted.
2025-08-19 22:07:58,772 - backend.extraction.services.element_extractor - INFO - Extracted 1 elements from /home/dedya/UniDocParser/uploads/c02c3cde-3f69-4478-b5ad-cbc5fefe97d4_dummy_scanned1.pdf
2025-08-20 09:59:18,757 - backend.main - INFO - FastAPI application created and configured.
2025-08-20 09:59:18,758 - backend.main - INFO - Application startup begins...
2025-08-20 09:59:18,758 - backend.main - INFO - Application startup complete.
2025-08-20 10:10:52,884 - backend.main - INFO - FastAPI application created and configured.
2025-08-20 10:10:52,885 - backend.main - INFO - Application startup begins...
2025-08-20 10:10:52,885 - backend.main - INFO - Application startup complete.
2025-08-20 10:11:12,041 - backend.file_ingestion.handlers.pdf_handler - INFO - PDF pages processed: 1
2025-08-20 10:11:12,052 - backend.utils.trackers - INFO - [file_ingest.py -> PDFHandler] Function 'handle' took 0.8734 seconds.
2025-08-20 10:11:12,053 - backend.pipeline.doc_parser_pipeline - INFO - Split took 0.88s
2025-08-20 10:11:12,053 - backend.extraction.services.element_extractor - INFO - Extracting elements from: /home/dedya/UniDocParser/uploads/bb681096-dba8-4a91-8986-8e6a0bfae0e5_dummy_scanned1.pdf
2025-08-20 10:11:15,644 - backend.extraction.extractors.pdf_extractor - INFO - Partitioning PDF: /home/dedya/UniDocParser/uploads/bb681096-dba8-4a91-8986-8e6a0bfae0e5_dummy_scanned1.pdf
2025-08-20 10:11:16,938 - unstructured_inference - INFO - Reading PDF for file: /home/dedya/UniDocParser/uploads/bb681096-dba8-4a91-8986-8e6a0bfae0e5_dummy_scanned1.pdf ...
2025-08-20 10:11:21,812 - unstructured_inference - INFO - Loading the Table agent ...
2025-08-20 10:11:21,812 - unstructured_inference - INFO - Loading the table structure model ...
2025-08-20 10:11:22,419 - timm.models._builder - INFO - Loading pretrained weights from Hugging Face hub (timm/resnet18.a1_in1k)
2025-08-20 10:11:22,673 - timm.models._hub - INFO - [timm/resnet18.a1_in1k] Safe alternative available for 'pytorch_model.bin' (as 'model.safetensors'). Loading weights using safetensors.
2025-08-20 10:11:22,683 - timm.models._builder - INFO - Missing keys (fc.weight, fc.bias) discovered while loading pretrained weights. This is expected if model is being adapted.
2025-08-20 10:11:23,441 - backend.extraction.services.element_extractor - INFO - Extracted 1 elements from /home/dedya/UniDocParser/uploads/bb681096-dba8-4a91-8986-8e6a0bfae0e5_dummy_scanned1.pdf
2025-08-20 10:15:00,451 - backend.main - INFO - Application shutdown begins...
2025-08-20 10:15:00,451 - backend.main - INFO - Application shutdown complete.
2025-08-20 10:15:15,957 - backend.main - INFO - FastAPI application created and configured.
2025-08-20 10:15:15,958 - backend.main - INFO - Application startup begins...
2025-08-20 10:15:15,958 - backend.main - INFO - Application startup complete.
2025-08-20 10:15:49,183 - backend.file_ingestion.handlers.pdf_handler - INFO - PDF pages processed: 1
2025-08-20 10:15:49,196 - backend.utils.trackers - INFO - [file_ingest.py -> PDFHandler] Function 'handle' took 0.8373 seconds.
2025-08-20 10:15:49,197 - backend.pipeline.doc_parser_pipeline - INFO - Split took 0.84s
2025-08-20 10:15:49,197 - backend.extraction.services.element_extractor - INFO - Extracting elements from: /home/dedya/UniDocParser/uploads/f02c303b-045d-4656-b43a-a98333af2725_dummy_scanned1.pdf
2025-08-20 10:15:52,589 - backend.extraction.extractors.pdf_extractor - INFO - Partitioning PDF: /home/dedya/UniDocParser/uploads/f02c303b-045d-4656-b43a-a98333af2725_dummy_scanned1.pdf
2025-08-20 10:15:53,731 - unstructured_inference - INFO - Reading PDF for file: /home/dedya/UniDocParser/uploads/f02c303b-045d-4656-b43a-a98333af2725_dummy_scanned1.pdf ...
2025-08-20 10:15:58,257 - unstructured_inference - INFO - Loading the Table agent ...
2025-08-20 10:15:58,257 - unstructured_inference - INFO - Loading the table structure model ...
2025-08-20 10:15:59,292 - timm.models._builder - INFO - Loading pretrained weights from Hugging Face hub (timm/resnet18.a1_in1k)
2025-08-20 10:15:59,574 - timm.models._hub - INFO - [timm/resnet18.a1_in1k] Safe alternative available for 'pytorch_model.bin' (as 'model.safetensors'). Loading weights using safetensors.
2025-08-20 10:15:59,583 - timm.models._builder - INFO - Missing keys (fc.weight, fc.bias) discovered while loading pretrained weights. This is expected if model is being adapted.
2025-08-20 10:16:00,333 - backend.extraction.services.element_extractor - INFO - Extracted 1 elements from /home/dedya/UniDocParser/uploads/f02c303b-045d-4656-b43a-a98333af2725_dummy_scanned1.pdf
2025-08-20 10:16:00,360 - backend.pipeline.doc_parser_pipeline - INFO - Extract Elements took 11.16s
2025-08-20 10:16:00,361 - backend.pipeline.doc_parser_pipeline - INFO - Extract Images took 0.00s
2025-08-20 10:16:00,364 - backend.pipeline.doc_parser_pipeline - INFO - Format Extracted Text took 0.00s
2025-08-20 10:16:00,364 - backend.pipeline.doc_parser_pipeline - INFO - Format Markdown took 0.00s
2025-08-20 10:16:00,366 - backend.pipeline.doc_parser_pipeline - INFO - Total pipeline time: 12.01s
2025-08-20 10:17:19,481 - backend.main - INFO - Application shutdown begins...
2025-08-20 10:17:19,481 - backend.main - INFO - Application shutdown complete.
2025-08-20 10:17:38,024 - backend.main - INFO - FastAPI application created and configured.
2025-08-20 10:17:38,025 - backend.main - INFO - Application startup begins...
2025-08-20 10:17:38,025 - backend.main - INFO - Application startup complete.
2025-08-20 10:17:56,799 - backend.file_ingestion.handlers.pdf_handler - INFO - PDF pages processed: 1
2025-08-20 10:17:56,808 - backend.utils.trackers - INFO - [file_ingest.py -> PDFHandler] Function 'handle' took 0.8300 seconds.
2025-08-20 10:17:56,809 - backend.pipeline.doc_parser_pipeline - INFO - Split took 0.83s
2025-08-20 10:17:56,810 - backend.extraction.services.element_extractor - INFO - Extracting elements from: /home/dedya/UniDocParser/uploads/a27b0c3f-535e-4c55-bda5-7bea14f503c9_dummy_scanned1.pdf
2025-08-20 10:18:00,273 - backend.extraction.extractors.pdf_extractor - INFO - Partitioning PDF: /home/dedya/UniDocParser/uploads/a27b0c3f-535e-4c55-bda5-7bea14f503c9_dummy_scanned1.pdf
2025-08-20 10:18:01,298 - unstructured_inference - INFO - Reading PDF for file: /home/dedya/UniDocParser/uploads/a27b0c3f-535e-4c55-bda5-7bea14f503c9_dummy_scanned1.pdf ...
2025-08-20 10:18:06,738 - unstructured_inference - INFO - Loading the Table agent ...
2025-08-20 10:18:06,739 - unstructured_inference - INFO - Loading the table structure model ...
2025-08-20 10:18:07,742 - timm.models._builder - INFO - Loading pretrained weights from Hugging Face hub (timm/resnet18.a1_in1k)
2025-08-20 10:18:08,005 - timm.models._hub - INFO - [timm/resnet18.a1_in1k] Safe alternative available for 'pytorch_model.bin' (as 'model.safetensors'). Loading weights using safetensors.
2025-08-20 10:18:08,015 - timm.models._builder - INFO - Missing keys (fc.weight, fc.bias) discovered while loading pretrained weights. This is expected if model is being adapted.
2025-08-20 10:18:08,770 - backend.extraction.services.element_extractor - INFO - Extracted 1 elements from /home/dedya/UniDocParser/uploads/a27b0c3f-535e-4c55-bda5-7bea14f503c9_dummy_scanned1.pdf
2025-08-20 10:18:08,797 - backend.pipeline.doc_parser_pipeline - INFO - Extract Elements took 11.99s
2025-08-20 10:18:08,798 - backend.pipeline.doc_parser_pipeline - INFO - Extract Images took 0.00s
2025-08-20 10:18:08,803 - backend.pipeline.doc_parser_pipeline - INFO - Format Extracted Text took 0.00s
2025-08-20 10:18:08,804 - backend.pipeline.doc_parser_pipeline - INFO - Format Markdown took 0.00s
2025-08-20 10:18:08,804 - backend.pipeline.doc_parser_pipeline - INFO - Total pipeline time: 12.83s
2025-08-20 10:36:52,679 - backend.main - INFO - FastAPI application created and configured.
2025-08-20 10:36:52,680 - backend.main - INFO - Application startup begins...
2025-08-20 10:36:52,680 - backend.main - INFO - Application startup complete.
2025-08-20 10:36:52,681 - backend.main - INFO - Application shutdown begins...
2025-08-20 10:36:52,681 - backend.main - INFO - Application shutdown complete.
2025-08-20 10:37:02,098 - backend.main - INFO - Application shutdown begins...
2025-08-20 10:37:02,098 - backend.main - INFO - Application shutdown complete.
2025-08-20 10:37:17,874 - backend.main - INFO - FastAPI application created and configured.
2025-08-20 10:37:17,875 - backend.main - INFO - Application startup begins...
2025-08-20 10:37:17,875 - backend.main - INFO - Application startup complete.
2025-08-20 10:37:26,653 - backend.file_ingestion.handlers.pdf_handler - INFO - PDF pages processed: 1
2025-08-20 10:37:26,665 - backend.utils.trackers - INFO - [file_ingest.py -> PDFHandler] Function 'handle' took 0.8659 seconds.
2025-08-20 10:37:26,666 - backend.pipeline.doc_parser_pipeline - INFO - Split took 0.87s
2025-08-20 10:37:26,666 - backend.extraction.services.element_extractor - INFO - Extracting elements from: /home/dedya/UniDocParser/uploads/79b73663-ae01-4510-bd7c-fe2fcaefb1f0_dummy_scanned1.pdf
2025-08-20 10:37:30,194 - backend.extraction.extractors.pdf_extractor - INFO - Partitioning PDF: /home/dedya/UniDocParser/uploads/79b73663-ae01-4510-bd7c-fe2fcaefb1f0_dummy_scanned1.pdf
2025-08-20 10:37:31,176 - unstructured_inference - INFO - Reading PDF for file: /home/dedya/UniDocParser/uploads/79b73663-ae01-4510-bd7c-fe2fcaefb1f0_dummy_scanned1.pdf ...
2025-08-20 10:37:35,675 - unstructured_inference - INFO - Loading the Table agent ...
2025-08-20 10:37:35,675 - unstructured_inference - INFO - Loading the table structure model ...
2025-08-20 10:37:36,680 - timm.models._builder - INFO - Loading pretrained weights from Hugging Face hub (timm/resnet18.a1_in1k)
2025-08-20 10:37:36,929 - timm.models._hub - INFO - [timm/resnet18.a1_in1k] Safe alternative available for 'pytorch_model.bin' (as 'model.safetensors'). Loading weights using safetensors.
2025-08-20 10:37:36,942 - timm.models._builder - INFO - Missing keys (fc.weight, fc.bias) discovered while loading pretrained weights. This is expected if model is being adapted.
2025-08-20 10:37:37,684 - backend.extraction.services.element_extractor - INFO - Extracted 1 elements from /home/dedya/UniDocParser/uploads/79b73663-ae01-4510-bd7c-fe2fcaefb1f0_dummy_scanned1.pdf
2025-08-20 10:44:53,940 - backend.main - INFO - Application shutdown begins...
2025-08-20 10:44:53,940 - backend.main - INFO - Application shutdown complete.
2025-08-20 10:45:10,708 - backend.main - INFO - FastAPI application created and configured.
2025-08-20 10:45:10,709 - backend.main - INFO - Application startup begins...
2025-08-20 10:45:10,709 - backend.main - INFO - Application startup complete.
2025-08-20 10:45:16,615 - backend.file_ingestion.handlers.pdf_handler - INFO - PDF pages processed: 1
2025-08-20 10:45:16,629 - backend.utils.trackers - INFO - [file_ingest.py -> PDFHandler] Function 'handle' took 0.9328 seconds.
2025-08-20 10:45:16,629 - backend.pipeline.doc_parser_pipeline - INFO - Split took 0.94s
2025-08-20 10:45:16,630 - backend.extraction.services.element_extractor - INFO - Extracting elements from: /home/dedya/UniDocParser/uploads/81e82e7a-1444-424f-88ac-86f74ae9e699_dummy_scanned1.pdf
2025-08-20 10:45:20,118 - backend.extraction.extractors.pdf_extractor - INFO - Partitioning PDF: /home/dedya/UniDocParser/uploads/81e82e7a-1444-424f-88ac-86f74ae9e699_dummy_scanned1.pdf
2025-08-20 10:45:21,707 - unstructured_inference - INFO - Reading PDF for file: /home/dedya/UniDocParser/uploads/81e82e7a-1444-424f-88ac-86f74ae9e699_dummy_scanned1.pdf ...
2025-08-20 10:45:26,124 - unstructured_inference - INFO - Loading the Table agent ...
2025-08-20 10:45:26,124 - unstructured_inference - INFO - Loading the table structure model ...
2025-08-20 10:45:26,663 - timm.models._builder - INFO - Loading pretrained weights from Hugging Face hub (timm/resnet18.a1_in1k)
2025-08-20 10:45:26,922 - timm.models._hub - INFO - [timm/resnet18.a1_in1k] Safe alternative available for 'pytorch_model.bin' (as 'model.safetensors'). Loading weights using safetensors.
2025-08-20 10:45:26,931 - timm.models._builder - INFO - Missing keys (fc.weight, fc.bias) discovered while loading pretrained weights. This is expected if model is being adapted.
2025-08-20 10:45:27,790 - backend.extraction.services.element_extractor - INFO - Extracted 1 elements from /home/dedya/UniDocParser/uploads/81e82e7a-1444-424f-88ac-86f74ae9e699_dummy_scanned1.pdf
2025-08-20 10:45:27,826 - backend.pipeline.doc_parser_pipeline - INFO - Extract Elements took 11.20s
2025-08-20 10:45:27,828 - backend.pipeline.doc_parser_pipeline - INFO - Extract Images took 0.00s
2025-08-20 10:45:27,833 - backend.pipeline.doc_parser_pipeline - INFO - Format Extracted Text took 0.00s
2025-08-20 10:45:27,834 - backend.pipeline.doc_parser_pipeline - INFO - Format Markdown took 0.00s
2025-08-20 10:45:27,835 - backend.pipeline.doc_parser_pipeline - INFO - Total pipeline time: 12.14s
2025-08-20 11:28:11,344 - backend.main - INFO - Application shutdown begins...
2025-08-20 11:28:11,345 - backend.main - INFO - Application shutdown complete.
2025-08-20 11:28:28,280 - backend.main - INFO - FastAPI application created and configured.
2025-08-20 11:28:28,281 - backend.main - INFO - Application startup begins...
2025-08-20 11:28:28,281 - backend.main - INFO - Application startup complete.
2025-08-20 11:28:40,844 - backend.file_ingestion.handlers.pdf_handler - INFO - PDF pages processed: 1
2025-08-20 11:28:40,856 - backend.utils.trackers - INFO - [file_ingest.py -> PDFHandler] Function 'handle' took 0.8772 seconds.
2025-08-20 11:28:40,857 - backend.pipeline.doc_parser_pipeline - INFO - Split took 0.88s
2025-08-20 11:28:40,858 - backend.extraction.services.element_extractor - INFO - Extracting elements from: /home/dedya/UniDocParser/uploads/de8bd8b1-3654-4656-b7e2-79859fb0d1b2_dummy_scanned1.pdf
2025-08-20 11:28:40,858 - backend.extraction.services.element_extractor - INFO - Detected file type: FileType.PDF
2025-08-20 11:28:44,374 - backend.extraction.extractors.pdf_extractor - INFO - Partitioning PDF: /home/dedya/UniDocParser/uploads/de8bd8b1-3654-4656-b7e2-79859fb0d1b2_dummy_scanned1.pdf
2025-08-20 11:28:45,291 - unstructured_inference - INFO - Reading PDF for file: /home/dedya/UniDocParser/uploads/de8bd8b1-3654-4656-b7e2-79859fb0d1b2_dummy_scanned1.pdf ...
2025-08-20 11:28:50,105 - unstructured_inference - INFO - Loading the Table agent ...
2025-08-20 11:28:50,105 - unstructured_inference - INFO - Loading the table structure model ...
2025-08-20 11:28:50,648 - timm.models._builder - INFO - Loading pretrained weights from Hugging Face hub (timm/resnet18.a1_in1k)
2025-08-20 11:28:50,905 - timm.models._hub - INFO - [timm/resnet18.a1_in1k] Safe alternative available for 'pytorch_model.bin' (as 'model.safetensors'). Loading weights using safetensors.
2025-08-20 11:28:50,915 - timm.models._builder - INFO - Missing keys (fc.weight, fc.bias) discovered while loading pretrained weights. This is expected if model is being adapted.
2025-08-20 11:28:51,769 - backend.extraction.services.element_extractor - INFO - Extracted 1 elements from /home/dedya/UniDocParser/uploads/de8bd8b1-3654-4656-b7e2-79859fb0d1b2_dummy_scanned1.pdf
2025-08-20 11:28:51,793 - backend.pipeline.doc_parser_pipeline - INFO - Extract Elements took 10.94s
2025-08-20 11:28:51,794 - backend.pipeline.doc_parser_pipeline - INFO - Extract Images took 0.00s
2025-08-20 11:28:51,799 - backend.pipeline.doc_parser_pipeline - INFO - Format Extracted Text took 0.00s
2025-08-20 11:28:51,800 - backend.pipeline.doc_parser_pipeline - INFO - Format Markdown took 0.00s
2025-08-20 11:28:51,801 - backend.pipeline.doc_parser_pipeline - INFO - Total pipeline time: 11.82s
2025-08-20 12:36:21,898 - backend.main - INFO - Application shutdown begins...
2025-08-20 12:36:21,899 - backend.main - INFO - Application shutdown complete.
2025-08-20 12:36:38,495 - backend.main - INFO - FastAPI application created and configured.
2025-08-20 12:36:38,496 - backend.main - INFO - Application startup begins...
2025-08-20 12:36:38,496 - backend.main - INFO - Application startup complete.
2025-08-20 12:37:13,110 - backend.file_ingestion.handlers.pdf_handler - INFO - PDF pages processed: 1
2025-08-20 12:37:13,124 - backend.utils.trackers - INFO - [file_ingest.py -> PDFHandler] Function 'handle' took 0.8496 seconds.
2025-08-20 12:37:13,125 - backend.pipeline.doc_parser_pipeline - INFO - Split took 0.85s
2025-08-20 12:37:13,126 - backend.extraction.services.element_extractor - INFO - Extracting elements from: /home/dedya/UniDocParser/uploads/96ff758c-89aa-4d34-a36b-5b669d26460e_dummy_scanned1.pdf
2025-08-20 12:37:13,126 - backend.extraction.services.element_extractor - INFO - Detected file type: FileType.PDF
2025-08-20 12:37:16,492 - backend.extraction.extractors.pdf_extractor - INFO - Partitioning PDF: /home/dedya/UniDocParser/uploads/96ff758c-89aa-4d34-a36b-5b669d26460e_dummy_scanned1.pdf
2025-08-20 12:37:17,552 - unstructured_inference - INFO - Reading PDF for file: /home/dedya/UniDocParser/uploads/96ff758c-89aa-4d34-a36b-5b669d26460e_dummy_scanned1.pdf ...
2025-08-20 12:37:22,339 - unstructured_inference - INFO - Loading the Table agent ...
2025-08-20 12:37:22,339 - unstructured_inference - INFO - Loading the table structure model ...
2025-08-20 12:37:23,336 - timm.models._builder - INFO - Loading pretrained weights from Hugging Face hub (timm/resnet18.a1_in1k)
2025-08-20 12:37:23,603 - timm.models._hub - INFO - [timm/resnet18.a1_in1k] Safe alternative available for 'pytorch_model.bin' (as 'model.safetensors'). Loading weights using safetensors.
2025-08-20 12:37:23,612 - timm.models._builder - INFO - Missing keys (fc.weight, fc.bias) discovered while loading pretrained weights. This is expected if model is being adapted.
2025-08-20 12:37:24,380 - backend.extraction.services.element_extractor - INFO - Extracted 1 elements from /home/dedya/UniDocParser/uploads/96ff758c-89aa-4d34-a36b-5b669d26460e_dummy_scanned1.pdf
2025-08-20 12:37:24,404 - backend.pipeline.doc_parser_pipeline - INFO - Extract Elements took 11.28s
2025-08-20 12:40:38,655 - backend.main - INFO - Application shutdown begins...
2025-08-20 12:40:38,656 - backend.main - INFO - Application shutdown complete.
2025-08-20 13:49:11,386 - backend.main - INFO - FastAPI application created and configured.
2025-08-20 13:49:11,387 - backend.main - INFO - Application startup begins...
2025-08-20 13:49:11,387 - backend.main - INFO - Application startup complete.
2025-08-20 13:49:59,380 - backend.file_ingestion.handlers.pdf_handler - INFO - PDF pages processed: 1
2025-08-20 13:49:59,393 - backend.utils.trackers - INFO - [file_ingest.py -> PDFHandler] Function 'handle' took 0.8371 seconds.
2025-08-20 13:49:59,393 - backend.pipeline.doc_parser_pipeline - INFO - Split took 0.84s
2025-08-20 13:49:59,394 - backend.extraction.services.element_extractor - INFO - Extracting elements from: /home/dedya/UniDocParser/uploads/c337e284-ee34-44bb-bcf6-01871f2a38b6_dummy_scanned1.pdf
2025-08-20 13:49:59,394 - backend.extraction.services.element_extractor - INFO - Detected file type: FileType.PDF
2025-08-20 13:50:02,920 - backend.extraction.extractors.pdf_extractor - INFO - Partitioning PDF: /home/dedya/UniDocParser/uploads/c337e284-ee34-44bb-bcf6-01871f2a38b6_dummy_scanned1.pdf
2025-08-20 13:50:03,939 - unstructured_inference - INFO - Reading PDF for file: /home/dedya/UniDocParser/uploads/c337e284-ee34-44bb-bcf6-01871f2a38b6_dummy_scanned1.pdf ...
2025-08-20 13:50:08,572 - unstructured_inference - INFO - Loading the Table agent ...
2025-08-20 13:50:08,573 - unstructured_inference - INFO - Loading the table structure model ...
2025-08-20 13:50:09,139 - timm.models._builder - INFO - Loading pretrained weights from Hugging Face hub (timm/resnet18.a1_in1k)
2025-08-20 13:50:09,407 - timm.models._hub - INFO - [timm/resnet18.a1_in1k] Safe alternative available for 'pytorch_model.bin' (as 'model.safetensors'). Loading weights using safetensors.
2025-08-20 13:50:09,417 - timm.models._builder - INFO - Missing keys (fc.weight, fc.bias) discovered while loading pretrained weights. This is expected if model is being adapted.
2025-08-20 13:50:10,181 - backend.extraction.services.element_extractor - INFO - Extracted 1 elements from /home/dedya/UniDocParser/uploads/c337e284-ee34-44bb-bcf6-01871f2a38b6_dummy_scanned1.pdf
2025-08-20 13:50:10,205 - backend.pipeline.doc_parser_pipeline - INFO - Extract Elements took 10.81s
2025-08-20 13:51:26,903 - backend.main - INFO - Application shutdown begins...
2025-08-20 13:51:26,903 - backend.main - INFO - Application shutdown complete.
2025-08-20 13:52:23,446 - backend.main - INFO - FastAPI application created and configured.
2025-08-20 13:52:23,447 - backend.main - INFO - Application startup begins...
2025-08-20 13:52:23,447 - backend.main - INFO - Application startup complete.
2025-08-20 13:54:38,414 - backend.file_ingestion.handlers.pdf_handler - INFO - PDF pages processed: 1
2025-08-20 13:54:38,414 - backend.utils.trackers - INFO - [file_ingest.py -> PDFHandler] Function 'handle' took 0.8468 seconds.
2025-08-20 13:54:38,415 - backend.pipeline.doc_parser_pipeline - INFO - Split took 0.85s
2025-08-20 13:54:38,416 - backend.extraction.services.element_extractor - INFO - Extracting elements from: /home/dedya/UniDocParser/uploads/a936cc2d-b641-414f-b892-53f5bac5a027_dummy_scanned1.pdf
2025-08-20 13:54:38,417 - backend.extraction.services.element_extractor - INFO - Detected file type: FileType.PDF
2025-08-20 13:54:41,808 - backend.extraction.extractors.pdf_extractor - INFO - Partitioning PDF: /home/dedya/UniDocParser/uploads/a936cc2d-b641-414f-b892-53f5bac5a027_dummy_scanned1.pdf
2025-08-20 13:54:42,775 - unstructured_inference - INFO - Reading PDF for file: /home/dedya/UniDocParser/uploads/a936cc2d-b641-414f-b892-53f5bac5a027_dummy_scanned1.pdf ...
2025-08-20 13:54:47,603 - unstructured_inference - INFO - Loading the Table agent ...
2025-08-20 13:54:47,603 - unstructured_inference - INFO - Loading the table structure model ...
2025-08-20 13:54:48,138 - timm.models._builder - INFO - Loading pretrained weights from Hugging Face hub (timm/resnet18.a1_in1k)
2025-08-20 13:54:48,391 - timm.models._hub - INFO - [timm/resnet18.a1_in1k] Safe alternative available for 'pytorch_model.bin' (as 'model.safetensors'). Loading weights using safetensors.
2025-08-20 13:54:48,399 - timm.models._builder - INFO - Missing keys (fc.weight, fc.bias) discovered while loading pretrained weights. This is expected if model is being adapted.
2025-08-20 13:54:49,310 - backend.extraction.services.element_extractor - INFO - Extracted 1 elements from /home/dedya/UniDocParser/uploads/a936cc2d-b641-414f-b892-53f5bac5a027_dummy_scanned1.pdf
2025-08-20 13:54:49,335 - backend.pipeline.doc_parser_pipeline - INFO - Extract Elements took 10.92s
2025-08-20 14:04:24,058 - backend.main - INFO - Application shutdown begins...
2025-08-20 14:04:24,058 - backend.main - INFO - Application shutdown complete.
2025-08-20 14:04:58,024 - backend.main - INFO - FastAPI application created and configured.
2025-08-20 14:04:58,025 - backend.main - INFO - Application startup begins...
2025-08-20 14:04:58,025 - backend.main - INFO - Application startup complete.
2025-08-20 14:05:25,768 - backend.file_ingestion.handlers.pdf_handler - INFO - PDF pages processed: 1
2025-08-20 14:05:25,768 - backend.utils.trackers - INFO - [file_ingest.py -> PDFHandler] Function 'handle' took 0.8273 seconds.
2025-08-20 14:05:25,769 - backend.pipeline.doc_parser_pipeline - INFO - Split took 0.83s
2025-08-20 14:05:25,770 - backend.extraction.services.element_extractor - INFO - Extracting elements from: /home/dedya/UniDocParser/uploads/0879f36f-c8ef-4c74-9548-c00533b45a7c_dummy_scanned1.pdf
2025-08-20 14:05:25,770 - backend.extraction.services.element_extractor - INFO - Detected file type: FileType.PDF
2025-08-20 14:05:29,269 - backend.extraction.extractors.pdf_extractor - INFO - Partitioning PDF: /home/dedya/UniDocParser/uploads/0879f36f-c8ef-4c74-9548-c00533b45a7c_dummy_scanned1.pdf
2025-08-20 14:05:30,215 - unstructured_inference - INFO - Reading PDF for file: /home/dedya/UniDocParser/uploads/0879f36f-c8ef-4c74-9548-c00533b45a7c_dummy_scanned1.pdf ...
2025-08-20 14:05:34,826 - unstructured_inference - INFO - Loading the Table agent ...
2025-08-20 14:05:34,827 - unstructured_inference - INFO - Loading the table structure model ...
2025-08-20 14:05:35,395 - timm.models._builder - INFO - Loading pretrained weights from Hugging Face hub (timm/resnet18.a1_in1k)
2025-08-20 14:05:35,653 - timm.models._hub - INFO - [timm/resnet18.a1_in1k] Safe alternative available for 'pytorch_model.bin' (as 'model.safetensors'). Loading weights using safetensors.
2025-08-20 14:05:35,662 - timm.models._builder - INFO - Missing keys (fc.weight, fc.bias) discovered while loading pretrained weights. This is expected if model is being adapted.
2025-08-20 14:05:36,385 - backend.extraction.services.element_extractor - INFO - Extracted 1 elements from /home/dedya/UniDocParser/uploads/0879f36f-c8ef-4c74-9548-c00533b45a7c_dummy_scanned1.pdf
2025-08-20 14:05:36,409 - backend.pipeline.doc_parser_pipeline - INFO - Extract Elements took 10.64s
2025-08-20 14:09:54,912 - backend.main - INFO - Application shutdown begins...
2025-08-20 14:09:54,912 - backend.main - INFO - Application shutdown complete.
2025-08-20 14:10:28,550 - backend.main - INFO - FastAPI application created and configured.
2025-08-20 14:10:28,551 - backend.main - INFO - Application startup begins...
2025-08-20 14:10:28,551 - backend.main - INFO - Application startup complete.
2025-08-20 14:11:45,559 - backend.main - INFO - Application shutdown begins...
2025-08-20 14:11:45,559 - backend.main - INFO - Application shutdown complete.
2025-08-20 14:12:17,030 - backend.main - INFO - FastAPI application created and configured.
2025-08-20 14:12:17,031 - backend.main - INFO - Application startup begins...
2025-08-20 14:12:17,031 - backend.main - INFO - Application startup complete.
2025-08-20 14:39:55,011 - backend.main - INFO - Application shutdown begins...
2025-08-20 14:39:55,011 - backend.main - INFO - Application shutdown complete.
2025-08-20 14:42:55,806 - backend.main - INFO - FastAPI application created and configured.
2025-08-20 14:42:55,807 - backend.main - INFO - Application startup begins...
2025-08-20 14:42:55,808 - backend.main - INFO - Application startup complete.
2025-08-20 14:43:02,327 - backend.main - INFO - Application shutdown begins...
2025-08-20 14:43:02,327 - backend.main - INFO - Application shutdown complete.
2025-08-20 14:47:44,718 - backend.main - INFO - FastAPI application created and configured.
2025-08-20 14:47:44,720 - backend.main - INFO - Application startup begins...
2025-08-20 14:47:44,720 - backend.main - INFO - Application startup complete.
2025-08-20 14:50:45,808 - backend.main - INFO - Application shutdown begins...
2025-08-20 14:50:45,808 - backend.main - INFO - Application shutdown complete.
2025-08-20 14:51:20,304 - backend.main - INFO - FastAPI application created and configured.
2025-08-20 14:51:20,305 - backend.main - INFO - Application startup begins...
2025-08-20 14:51:20,305 - backend.main - INFO - Application startup complete.
2025-08-20 14:52:00,151 - backend.file_ingestion.handlers.pdf_handler - INFO - PDF pages processed: 1
2025-08-20 14:52:00,151 - backend.utils.trackers - INFO - [file_ingest.py -> PDFHandler] Function 'handle' took 0.8381 seconds.
2025-08-20 14:52:00,152 - backend.pipeline.doc_parser_pipeline - INFO - Split took 0.84s
2025-08-20 14:52:00,153 - backend.extraction.services.element_extractor - INFO - Extracting elements from: /home/dedya/UniDocParser/uploads/8a24f4d8-3bfe-4049-9fcf-dec24fe21632_dummy_scanned1.pdf
2025-08-20 14:52:00,153 - backend.extraction.services.element_extractor - INFO - Detected file type: FileType.PDF
2025-08-20 14:52:03,876 - backend.extraction.extractors.pdf_extractor - INFO - Partitioning PDF: /home/dedya/UniDocParser/uploads/8a24f4d8-3bfe-4049-9fcf-dec24fe21632_dummy_scanned1.pdf
2025-08-20 14:52:04,971 - unstructured_inference - INFO - Reading PDF for file: /home/dedya/UniDocParser/uploads/8a24f4d8-3bfe-4049-9fcf-dec24fe21632_dummy_scanned1.pdf ...
2025-08-20 14:52:09,758 - unstructured_inference - INFO - Loading the Table agent ...
2025-08-20 14:52:09,758 - unstructured_inference - INFO - Loading the table structure model ...
2025-08-20 14:52:10,320 - timm.models._builder - INFO - Loading pretrained weights from Hugging Face hub (timm/resnet18.a1_in1k)
2025-08-20 14:52:10,571 - timm.models._hub - INFO - [timm/resnet18.a1_in1k] Safe alternative available for 'pytorch_model.bin' (as 'model.safetensors'). Loading weights using safetensors.
2025-08-20 14:52:10,579 - timm.models._builder - INFO - Missing keys (fc.weight, fc.bias) discovered while loading pretrained weights. This is expected if model is being adapted.
2025-08-20 14:52:11,315 - backend.extraction.services.element_extractor - INFO - Extracted 1 elements from /home/dedya/UniDocParser/uploads/8a24f4d8-3bfe-4049-9fcf-dec24fe21632_dummy_scanned1.pdf
2025-08-20 14:52:11,338 - backend.pipeline.doc_parser_pipeline - INFO - Extract Elements took 11.19s
2025-08-20 14:53:08,603 - backend.file_ingestion.handlers.pdf_handler - INFO - PDF pages processed: 1
2025-08-20 14:53:08,603 - backend.utils.trackers - INFO - [file_ingest.py -> PDFHandler] Function 'handle' took 0.8023 seconds.
2025-08-20 14:53:08,604 - backend.pipeline.doc_parser_pipeline - INFO - Split took 0.80s
2025-08-20 14:53:08,605 - backend.extraction.services.element_extractor - INFO - Extracting elements from: /home/dedya/UniDocParser/uploads/bd70874a-7fc7-4a2d-a424-bc017b536c31_dummy_scanned1.pdf
2025-08-20 14:53:08,605 - backend.extraction.services.element_extractor - INFO - Detected file type: FileType.PDF
2025-08-20 14:53:08,605 - backend.extraction.extractors.pdf_extractor - INFO - Partitioning PDF: /home/dedya/UniDocParser/uploads/bd70874a-7fc7-4a2d-a424-bc017b536c31_dummy_scanned1.pdf
2025-08-20 14:53:08,632 - unstructured_inference - INFO - Reading PDF for file: /home/dedya/UniDocParser/uploads/bd70874a-7fc7-4a2d-a424-bc017b536c31_dummy_scanned1.pdf ...
2025-08-20 14:53:13,508 - backend.extraction.services.element_extractor - INFO - Extracted 1 elements from /home/dedya/UniDocParser/uploads/bd70874a-7fc7-4a2d-a424-bc017b536c31_dummy_scanned1.pdf
2025-08-20 14:53:13,529 - backend.pipeline.doc_parser_pipeline - INFO - Extract Elements took 4.92s
2025-08-21 16:33:49,577 - backend.main - INFO - FastAPI application created and configured.
2025-08-21 16:33:49,578 - backend.main - INFO - Application startup begins...
2025-08-21 16:33:49,578 - backend.main - INFO - Application startup complete.
2025-08-21 16:34:32,613 - backend.file_ingestion.handlers.pdf_handler - INFO - PDF pages processed: 1
2025-08-21 16:34:32,613 - backend.utils.trackers - INFO - [file_ingest.py -> PDFHandler] Function 'handle' took 0.8532 seconds.
2025-08-21 16:34:32,614 - backend.pipeline.doc_parser_pipeline - INFO - Split took 0.86s
2025-08-21 16:34:32,615 - backend.extraction.services.element_extractor - INFO - Extracting elements from: /home/dedya/UniDocParser/uploads/f815f7ad-5f43-46c1-bb52-28a45dfc42a7_dummy_scanned1.pdf
2025-08-21 16:34:32,616 - backend.extraction.services.element_extractor - INFO - Detected file type: FileType.PDF
2025-08-21 16:34:36,487 - backend.extraction.extractors.pdf_extractor - INFO - Partitioning PDF: /home/dedya/UniDocParser/uploads/f815f7ad-5f43-46c1-bb52-28a45dfc42a7_dummy_scanned1.pdf
2025-08-21 16:34:37,411 - unstructured_inference - INFO - Reading PDF for file: /home/dedya/UniDocParser/uploads/f815f7ad-5f43-46c1-bb52-28a45dfc42a7_dummy_scanned1.pdf ...
2025-08-21 16:34:42,203 - unstructured_inference - INFO - Loading the Table agent ...
2025-08-21 16:34:42,203 - unstructured_inference - INFO - Loading the table structure model ...
2025-08-21 16:34:42,776 - timm.models._builder - INFO - Loading pretrained weights from Hugging Face hub (timm/resnet18.a1_in1k)
2025-08-21 16:34:43,022 - timm.models._hub - INFO - [timm/resnet18.a1_in1k] Safe alternative available for 'pytorch_model.bin' (as 'model.safetensors'). Loading weights using safetensors.
2025-08-21 16:34:43,031 - timm.models._builder - INFO - Missing keys (fc.weight, fc.bias) discovered while loading pretrained weights. This is expected if model is being adapted.
2025-08-21 16:34:43,748 - backend.extraction.services.element_extractor - INFO - Extracted 1 elements from /home/dedya/UniDocParser/uploads/f815f7ad-5f43-46c1-bb52-28a45dfc42a7_dummy_scanned1.pdf
2025-08-21 16:34:43,771 - backend.pipeline.doc_parser_pipeline - INFO - Extract Elements took 11.16s
2025-08-21 16:34:43,811 - backend.generation.hf_adapter - INFO - chat mode
2025-08-21 16:34:43,812 - backend.utils.vram - INFO - [vram:before-build] alloc=0.11GB reserved=0.20GB peak=0.19GB total=23.59GB
2025-08-21 16:34:43,813 - backend.utils.vram - INFO - [vram:build_inputs:enter] alloc=0.11GB reserved=0.20GB peak=0.19GB total=23.59GB
2025-08-21 16:34:43,818 - backend.generation.mm_adapter - INFO - [mm] _to_qwen_messages built 1 msgs, 1 images
2025-08-21 16:34:44,492 - backend.utils.vram - INFO - [vram:build_inputs:exit] before: alloc=0.11GB reserved=0.20GB peak=0.19GB total=23.59GB
2025-08-21 16:34:44,492 - backend.utils.vram - INFO - [vram:build_inputs:exit]  after: alloc=0.11GB reserved=0.12GB peak=0.11GB total=23.59GB
2025-08-21 16:34:44,494 - backend.utils.vram - INFO - [vram:before-generate] alloc=0.11GB reserved=0.12GB peak=0.11GB total=23.59GB
2025-08-21 16:34:44,494 - backend.utils.vram - INFO - [vram:generate:enter] alloc=0.11GB reserved=0.12GB peak=0.11GB total=23.59GB
2025-08-21 16:34:50,463 - backend.utils.vram - INFO - [vram:generate:exit] before: alloc=0.11GB reserved=0.12GB peak=0.11GB total=23.59GB
2025-08-21 16:34:50,463 - backend.utils.vram - INFO - [vram:generate:exit]  after: alloc=0.11GB reserved=0.12GB peak=0.11GB total=23.59GB
2025-08-21 16:34:50,466 - backend.generation.hf_adapter - INFO - [llm_perf]{"run_id": "b35c94d3-51d1-4ae3-8419-9a941d67704a", "model_path": "unsloth/Qwen2.5-VL-7B-Instruct", "device": "cuda:1", "torch_dtype": "float16", "attn_impl": "sdpa", "quantization": null, "gpu_name": "NVIDIA GeForce RTX 3090", "torch_version": "2.7.0+cu126", "transformers_version": "4.52.4", "prompt_tokens": 732, "generated_tokens": 110, "total_tokens": 842, "time_total_s": 5.970494024979416, "time_prefill_s": null, "time_decode_s": null, "prefill_tps": null, "decode_tps": null, "total_tps": 141.02685581414727, "first_token_latency_s": null}
2025-08-21 16:34:50,751 - backend.utils.vram - INFO - [vram:post-decode] before: alloc=0.11GB reserved=0.12GB peak=0.11GB total=23.59GB
2025-08-21 16:34:50,751 - backend.utils.vram - INFO - [vram:post-decode]  after: alloc=0.11GB reserved=0.12GB peak=0.11GB total=23.59GB
2025-08-21 16:34:50,802 - backend.generation.hf_adapter - INFO - chat mode
2025-08-21 16:34:50,803 - backend.utils.vram - INFO - [vram:before-build] alloc=0.11GB reserved=0.12GB peak=0.11GB total=23.59GB
2025-08-21 16:34:50,804 - backend.utils.vram - INFO - [vram:build_inputs:enter] alloc=0.11GB reserved=0.12GB peak=0.11GB total=23.59GB
2025-08-21 16:34:50,811 - backend.generation.mm_adapter - INFO - [mm] _to_qwen_messages built 1 msgs, 1 images
2025-08-21 16:34:51,125 - backend.utils.vram - INFO - [vram:build_inputs:exit] before: alloc=0.11GB reserved=0.12GB peak=0.11GB total=23.59GB
2025-08-21 16:34:51,125 - backend.utils.vram - INFO - [vram:build_inputs:exit]  after: alloc=0.11GB reserved=0.12GB peak=0.11GB total=23.59GB
2025-08-21 16:34:51,126 - backend.utils.vram - INFO - [vram:before-generate] alloc=0.11GB reserved=0.12GB peak=0.11GB total=23.59GB
2025-08-21 16:34:51,127 - backend.utils.vram - INFO - [vram:generate:enter] alloc=0.11GB reserved=0.12GB peak=0.11GB total=23.59GB
2025-08-21 16:34:58,936 - backend.utils.vram - INFO - [vram:generate:exit] before: alloc=0.11GB reserved=0.12GB peak=0.11GB total=23.59GB
2025-08-21 16:34:58,936 - backend.utils.vram - INFO - [vram:generate:exit]  after: alloc=0.11GB reserved=0.12GB peak=0.11GB total=23.59GB
2025-08-21 16:34:58,939 - backend.generation.hf_adapter - INFO - [llm_perf]{"run_id": "569ba042-9c09-4086-8049-a1715ced2946", "model_path": "unsloth/Qwen2.5-VL-7B-Instruct", "device": "cuda:1", "torch_dtype": "float16", "attn_impl": "sdpa", "quantization": null, "gpu_name": "NVIDIA GeForce RTX 3090", "torch_version": "2.7.0+cu126", "transformers_version": "4.52.4", "prompt_tokens": 772, "generated_tokens": 178, "total_tokens": 950, "time_total_s": 7.810342340992065, "time_prefill_s": null, "time_decode_s": null, "prefill_tps": null, "decode_tps": null, "total_tps": 121.63359280860044, "first_token_latency_s": null}
2025-08-21 16:34:59,222 - backend.utils.vram - INFO - [vram:post-decode] before: alloc=0.11GB reserved=0.12GB peak=0.11GB total=23.59GB
2025-08-21 16:34:59,222 - backend.utils.vram - INFO - [vram:post-decode]  after: alloc=0.11GB reserved=0.12GB peak=0.11GB total=23.59GB
2025-08-21 16:34:59,226 - backend.pipeline.doc_parser_pipeline - INFO - Extract Images took 15.45s
2025-08-21 16:34:59,231 - backend.pipeline.doc_parser_pipeline - INFO - Format Extracted Text took 0.01s
2025-08-21 16:34:59,232 - backend.pipeline.doc_parser_pipeline - INFO - Format Markdown took 0.00s
2025-08-21 16:34:59,233 - backend.pipeline.doc_parser_pipeline - INFO - Total pipeline time: 27.47s
2025-08-21 16:37:26,318 - backend.main - INFO - Application shutdown begins...
2025-08-21 16:37:26,318 - backend.main - INFO - Application shutdown complete.
